,date,name
0,8 : 18 pm,被恐龙吃了
1,8 : 17 pm,账号一
2, : 17 pm ,
3,8 : 16 pm,npmrun dev
4,8 : 16 pm,账号一
5,8 : 16 pm,River.JIA
6,8 : 16 pm,bless 清儿
7, : 15 pm ,
8,8 : 14 pm,限制级高清在线观看
9,8 : 14 pm,账号一
10,8 : 14 pm,不给糖
11,8 : 14 pm,WayneYeo
12,8 : 14 pm,意绵绵
13,8 : 13 pm,巧笑倩兮美目盼兮
14,8 : 13 pm,old sport
15, : 13 pm ,
16,8 : 12 pm,限制级高清在线观看
17,8 : 12 pm,清歌欢酒
18,8 : 12 pm,虞晓
19,8 : 12 pm,行为思想矛盾
20,8 : 12 pm,虞晓
21,8 : 12 pm,行为思想矛盾
22,8 : 12 pm,被恐龙吃了
23,8 : 11 pm,陌生人
24,8 : 11 pm,猎喜
25,8 : 10 pm,树洞会听
26,8 : 10 pm,Daddy Tree
27,8 : 09 pm,自在独行
28,8 : 09 pm,hh
29,8 : 08 pm,如若
30,8 : 08 pm,祐一夫人
31,8 : 08 pm,ICE
32,8 : 08 pm,等風的敏儿
33,8 : 08 pm,void
34,8 : 07 pm,逍_酒
35,8 : 07 pm,你要快乐
36,8 : 06 pm,luoaillui
37,8 : 06 pm,＊欣意盎然*
38,8 : 05 pm,Inanis
39,8 : 05 pm,苏西
40,8 : 05 pm,苏西
41,8 : 05 pm,账号一
42,8 : 05 pm,小不点
43,8 : 05 pm,nice
44,8 : 05 pm,pppoqqq
45,8 : 04 pm,胡渣少女
46,8 : 04 pm,leahy
47,8 : 04 pm,八月
48,8 : 03 pm,捣芝麻糊
49,8 : 02 pm,実力派若手小仙女
50,8 : 02 pm,。
51,8 : 02 pm,颜铃
52,8 : 01 pm,一条风🍖
53,8 : 01 pm,Acxoler
54,8 : 01 pm,River.JIA
55,8 : 00 pm,如风
56,7 : 59 pm,诸葛
57,7 : 59 pm,我本人超奶思
58, : 59 pm ,
59,7 : 59 pm,Déjà vu
60,7 : 58 pm,快乐小浣熊
61,7 : 58 pm,abc
62,7 : 58 pm,猫罐头
63,7 : 57 pm,--
64,7 : 57 pm,一期一会
65,7 : 57 pm,莉栗子
66,7 : 57 pm,夏末
67,7 : 57 pm,祖宗
68,7 : 56 pm,Brooklyn
69,7 : 56 pm,不死鸟乐队
70,7 : 56 pm,无声告白
71,7 : 56 pm,绝渡逢舟
72,7 : 56 pm,lyons
73,7 : 56 pm,鱼肉
74,7 : 55 pm,维尼
75,7 : 54 pm,绝渡逢舟
76,7 : 54 pm,维尼
77,7 : 54 pm,格老子的
78,7 : 54 pm,Fogg同学
79,7 : 54 pm,大梦一场
80,7 : 53 pm,我想我是學殘
81,7 : 53 pm,不死鸟乐队
82,7 : 53 pm,惊世骇俗赫
83,7 : 53 pm,绝体绝命
84,7 : 53 pm,＜／＞
85,7 : 52 pm,Dean Chen
86,7 : 52 pm,陈情旧事云烟过
87,7 : 52 pm,青柚
88,7 : 52 pm,leahy
89,7 : 51 pm,你要快乐
90,7 : 51 pm,I
91,7 : 51 pm,今天的天台
92,7 : 50 pm,hahah
93,7 : 50 pm,知道
94,7 : 50 pm,绘
95,7 : 49 pm,如风
96,7 : 48 pm,啤酒红烧肉
97,7 : 48 pm,空港、whisper
98,7 : 48 pm,米一让
99,7 : 48 pm,绘
100,7 : 48 pm,米一让
101,7 : 48 pm,绘
102,7 : 47 pm,南瓜
103,7 : 47 pm,轻松自在
104,7 : 47 pm,圈地自萌
105,7 : 46 pm,lemonade
106,7 : 46 pm,Brooklyn
107,7 : 46 pm,二十
108,7 : 46 pm,飞去梵蒂冈
109,7 : 45 pm,我愛他眉眼如畫
110,7 : 45 pm,一二三，木头人。
111,7 : 44 pm,安之若素ه
112,7 : 44 pm,自强瘦到120！
113,7 : 43 pm,沫
114,7 : 43 pm,账号一
115,7 : 42 pm,荔枝
116,7 : 42 pm,玛丽安兔。
117,7 : 42 pm,陈大爷
118,7 : 41 pm,红豆
119,7 : 40 pm,账号一
120,7 : 42 pm,陈大爷
121,7 : 41 pm,红豆
122,7 : 40 pm,账号一
123,7 : 40 pm,无良~喵
124,7 : 40 pm,Crush
125,7 : 40 pm,野蛮生长
126,7 : 40 pm,噗噜噗噜史莱姆大魔王
127,7 : 40 pm,＜／＞
128,7 : 39 pm,失散
129,7 : 39 pm,时光知味
130,7 : 39 pm,瑪嘉烈哈囉
131,7 : 39 pm,我们还年轻
132,7 : 38 pm,兔梓修
133,7 : 38 pm,布丁-
134,7 : 38 pm,账号一
135,7 : 38 pm,夂二
136,7 : 38 pm,如初
137,7 : 37 pm,解放的鸣鸟
138,7 : 36 pm,葡萄pie
139,7 : 36 pm,偷偷的不要发现我
140,7 : 36 pm,偷偷的不要发现我
141,7 : 36 pm,＜／＞
142,7 : 36 pm,阿隐☂
143,7 : 35 pm,维拉
144, : 35 pm ,
145,7 : 34 pm,我愛他眉眼如畫
146,7 : 34 pm,｀ط´
147,7 : 33 pm,Lam
148,7 : 32 pm,四斤
149,7 : 32 pm,｀ط´
150,7 : 32 pm,我又辞职了！
151,7 : 32 pm,SoC
152,7 : 32 pm,｀ط´
153,7 : 32 pm,Lolita
154,7 : 31 pm,6ccc
155,7 : 31 pm,凛
156,7 : 30 pm,今天星期几？
157,7 : 29 pm,🐘项豆豆
158,7 : 29 pm,张火火
159,7 : 29 pm,沙堆里的沙子
160,7 : 28 pm,萌蒙
161,7 : 28 pm,＜／＞
162,7 : 28 pm,S.uri_Z
163,7 : 28 pm,LauLukSin
164,7 : 28 pm,Brooklyn
165,7 : 28 pm,传教士桂花糕
166,7 : 28 pm,暗室
167,7 : 28 pm,胖兔被桃矢哥喂胖的
168,7 : 27 pm,吃个脆脆鲨
169,7 : 27 pm,暗室
170,7 : 26 pm,葭翙
171,7 : 26 pm,一枝星
172,7 : 26 pm,我就看看我不买
173,7 : 26 pm,旋转木马鏖战记
174,7 : 26 pm,胖兔被桃矢哥喂胖的
175,7 : 25 pm,玛丽安兔。
176,7 : 25 pm,派大馨
177,7 : 25 pm,胖兔被桃矢哥喂胖的
178,7 : 24 pm,Kaya_C
179,7 : 23 pm,十八
180,7 : 24 pm,Kaya_C
181,7 : 23 pm,十八
182,7 : 23 pm,风铃
183,7 : 23 pm,沙堆里的沙子
184,7 : 23 pm,boobmexf
185,7 : 22 pm,一枚小透明。
186,7 : 22 pm,豆豆
187,7 : 21 pm,淑均
188,7 : 21 pm,变态萝莉
189,7 : 21 pm,胖兔被桃矢哥喂胖的
190,7 : 21 pm,恶意软件
191,7 : 21 pm,ENN.
192,7 : 20 pm,innerpeace
193,7 : 19 pm,一枚小透明。
194,7 : 19 pm,Brooklyn
195,7 : 19 pm,绿绿
196,7 : 19 pm,🐳
197,7 : 19 pm,柒
198,7 : 19 pm,白粥一碗
199,7 : 18 pm,一丿
200,7 : 18 pm,九束
201,7 : 18 pm,不死鸟乐队
202,7 : 18 pm,我鱼的鱼肚没有了
203,7 : 17 pm,柠檬
204,7 : 16 pm,Kiiizuna
205,7 : 16 pm,🌙秋月白
206,7 : 16 pm,青章
207,7 : 16 pm,T仍早春
208,7 : 15 pm,shmily
209,7 : 15 pm,荒岛晴空
210,7 : 15 pm,李无邪
211,7 : 15 pm,我就看看我不买
212,7 : 15 pm,不要说话
213,7 : 14 pm,王点点
214,7 : 14 pm,水蓝色
215,7 : 14 pm,失散
216,7 : 13 pm,我就看看我不买
217,7 : 13 pm,三人行
218,7 : 13 pm,街上看太阳吧
219,7 : 12 pm,青桥
220,7 : 13 pm,我就看看我不买
221,7 : 13 pm,三人行
222,7 : 13 pm,街上看太阳吧
223,7 : 12 pm,青桥
224,7 : 12 pm,钠.
225,7 : 11 pm,芝士奶盖
226,7 : 10 pm,浅夏梦呓微凉
227,7 : 10 pm,Beverly
228,7 : 10 pm,吃着吃着睡着了
229,7 : 09 pm,LauLukSin
230,7 : 09 pm,你蛮可爱的
231,7 : 09 pm,我说你是辣鸡啊
232,7 : 08 pm,我不OK
233,7 : 08 pm,落夜
234,7 : 08 pm,secret
235,7 : 07 pm,凛
236,7 : 07 pm,盒子
237,7 : 07 pm,Mrs.Z
238,7 : 06 pm,许我向你看
239,7 : 06 pm,。 Mee
240,7 : 06 pm,。 Mee
241,7 : 06 pm,有機酸
242,7 : 06 pm,Paul smith
243,7 : 05 pm,尼玛，请叫我小黄
244,7 : 05 pm,夭夭
245,7 : 05 pm,今天的天台
246,7 : 05 pm,述笙
247, : 04 pm ,
248,7 : 04 pm,有機酸
249,7 : 04 pm,Astill
250,7 : 04 pm,Tie me up
251,7 : 03 pm,有趣
252,7 : 03 pm,平和甜腻全人类☆
253,7 : 03 pm,海里的鱼
254,7 : 03 pm,lemonade
255,7 : 03 pm,.
256,7 : 03 pm,我老公是游戏狂魔
257,7 : 03 pm,sarah
258,7 : 03 pm,Brooklyn
259,7 : 03 pm,遗河
260,7 : 02 pm,要成为世界最好的媛
261,7 : 02 pm,一口一碗鱼纹粥
262,7 : 01 pm,春天在车厢里
263,7 : 01 pm,非著名垃圾人
264,7 : 01 pm,এΜimosa.花✺
265,7 : 01 pm,Dean Chen
266,7 : 01 pm,Clifford
267,7 : 00 pm,🌙秋月白
268,7 : 00 pm,mock
269,7 : 00 pm,赶走失眠里的羊@
270,6 : 59 pm,油桃儿
271,6 : 59 pm,摩摩
272,6 : 59 pm,九束
273,6 : 59 pm,浅喜深爱
274,6 : 58 pm,麦克嘎
275,6 : 58 pm,尼玛，请叫我小黄
276,6 : 58 pm,金小秀
277,6 : 58 pm,绘
278,6 : 58 pm,别来无恙
279,6 : 58 pm,mock
280,6 : 58 pm,Dean Chen
281,6 : 58 pm,你要快乐
282,6 : 58 pm,summerstar
283,6 : 58 pm,向日葵、小姐· 。°
284,6 : 58 pm,中东石油大亨
285,6 : 58 pm,Tie me up
286,6 : 57 pm,知道
287,6 : 57 pm,穹顶之下腰缠万贯
288,6 : 57 pm,寸铁
289,6 : 57 pm,水蓝色
290,6 : 56 pm,寸铁
291,6 : 56 pm,油桃儿
292,6 : 56 pm,一二三，木头人。
293,6 : 56 pm,有趣
294,6 : 55 pm,你的盖饭英雄
295,6 : 55 pm,电有下桥
296,6 : 55 pm,多喝开水
297,6 : 54 pm,爱与自由
298,6 : 53 pm,吃个脆脆鲨
299,6 : 53 pm,一只皮
300,6 : 52 pm,leahy
301,6 : 51 pm,树漏光
302,6 : 51 pm,陈先森
303,6 : 51 pm,.
304,6 : 50 pm,树漏光
305,6 : 49 pm,🎈🎈🎈
306,6 : 49 pm,悠雪羽翼
307,6 : 49 pm,潘彼得
308,6 : 49 pm,买黄金上瘾
309,6 : 48 pm,Toxica .
310,6 : 48 pm,是这个荀彧
311,6 : 48 pm,明天星期八
312,6 : 47 pm,-澜-
313,6 : 47 pm,Multiverse
314,6 : 47 pm,f(x)
315,6 : 47 pm,映凉。
316,6 : 47 pm,拉面小天使
317,6 : 47 pm,映凉。
318,6 : 46 pm,廖北之
319,6 : 45 pm,Ming
320,6 : 45 pm,你好丶我是阿玖
321, : 45 pm ,
322,6 : 45 pm,过儿
323,6 : 45 pm,张火火
324,6 : 44 pm,丝瓜绿
325,6 : 44 pm,林姑娘。
326,6 : 44 pm,半半半半夏
327,6 : 44 pm,Multiverse
328,6 : 44 pm,或许是橘了-
329,6 : 44 pm,没什么大不了
330,6 : 44 pm,Meow
331,6 : 44 pm,我想我是學殘
332,6 : 44 pm,呼吸秋千
333,6 : 43 pm,膏药
334,6 : 43 pm,如是我聞
335,6 : 43 pm,一枚小透明。
336,6 : 43 pm,。。。
337,6 : 43 pm,宋宋
338,6 : 42 pm,芝士奶盖
339,6 : 42 pm,明明酱
340,6 : 42 pm,多喝开水
341,6 : 41 pm,Airis
342,6 : 41 pm,Medelza
343,6 : 40 pm,叶小温
344,6 : 40 pm,廖北之
345,6 : 40 pm,别来无恙
346,6 : 39 pm,闪闪发亮的神经病
347,6 : 39 pm,11月的秋天
348,6 : 39 pm,見兔顧犬@戟光
349,6 : 39 pm,柠檬
350,6 : 39 pm,一个人
351,6 : 38 pm,记得
352,6 : 38 pm,日一
353,6 : 38 pm,等一树花开
354,6 : 38 pm,一条风🍖
355,6 : 38 pm,如是我聞
356,6 : 38 pm,Desperado
357,6 : 37 pm,你的盖饭英雄
358,6 : 37 pm,等一树花开
359,6 : 37 pm,Nowhere
360,6 : 37 pm,Yo酱
361,6 : 37 pm,扉藜
362,6 : 36 pm,寸铁
363,6 : 36 pm,100120661
364,6 : 36 pm,寸铁
365,6 : 36 pm,十一
366,6 : 35 pm,Nowhere
367,6 : 34 pm,廖北之
368,6 : 34 pm,你说呢
369,6 : 33 pm,龙套
370,6 : 33 pm,Haunt me
371,6 : 33 pm,哔伽嗦
372,6 : 33 pm,被恐龙吃了
373,6 : 32 pm,一枚小透明。
374,6 : 32 pm,龙套
375,6 : 32 pm,佩奇是只猪啊！
376,6 : 32 pm,柚子雪碧
377,6 : 32 pm,peeech
378,6 : 31 pm,幸运板蓝根ﻭ
379,6 : 31 pm,研雅
380,6 : 31 pm,研雅
381,6 : 31 pm,.
382,6 : 31 pm,周三成
383,6 : 31 pm,。。。
384,6 : 31 pm,Nowhere
385,6 : 30 pm,🌟
386,6 : 30 pm,争渡
387,6 : 30 pm,MINEBUMI
388,6 : 30 pm,芒果可爱多
389,6 : 30 pm,見兔顧犬@戟光
390,6 : 29 pm,小不点
391,6 : 29 pm,别扭的孤独少女
392,6 : 29 pm,哈哈
393,6 : 29 pm,绝渡逢舟
394,6 : 28 pm,April
395,6 : 28 pm,橘
396,6 : 27 pm,可你喜欢玫瑰阿
397,6 : 27 pm,账号一
398,6 : 27 pm,jiayyy
399,6 : 27 pm,小小
400,6 : 27 pm,jiayyy
401,6 : 27 pm,小小
402,6 : 26 pm,如也
403,6 : 26 pm,映凉。
404,6 : 26 pm,被恐龙吃了
405,6 : 26 pm,桥，别来无恙
406,6 : 26 pm,Stardust
407,6 : 26 pm,爱你的yuke
408,6 : 26 pm,Nymann
409,6 : 25 pm,一枚小透明。
410,6 : 25 pm,账号一
411,6 : 25 pm,李阳刚
412,6 : 24 pm,晕晕
413,6 : 24 pm,forehead
414,6 : 24 pm,退休老干部
415,6 : 23 pm,李阳刚
416,6 : 23 pm,小小
417,6 : 23 pm,我先生是jay
418,6 : 23 pm,amm
419,6 : 23 pm,一二三，木头人。
420,6 : 23 pm,一二三，木头人。
421,6 : 22 pm,🙄
422,6 : 22 pm,77木有昵称
423,6 : 22 pm,荒岛晴空
424,6 : 21 pm,hershey's
425,6 : 20 pm,我们还年轻
426,6 : 20 pm,蓝鲸
427,6 : 20 pm,被恐龙吃了
428,6 : 20 pm,inu
429,6 : 20 pm,T仍早春
430,6 : 20 pm,风铃
431,6 : 20 pm,油桃儿
432,6 : 20 pm,ケツ
433,6 : 19 pm,无声告白
434,6 : 19 pm,hershey's
435,6 : 19 pm,陈拖延
436,6 : 18 pm,lemonade
437,6 : 18 pm,liam
438,6 : 18 pm,Beverly
439,6 : 17 pm,三千
440,6 : 16 pm,日一
441,6 : 16 pm,十叁月
442,6 : 16 pm,一枚小透明。
443,6 : 16 pm,十八
444,6 : 16 pm,啾啾
445,6 : 15 pm,桔梗
446,6 : 15 pm,蓁猪
447,6 : 15 pm,Depression
448,6 : 14 pm,少女哪吒
449,6 : 14 pm,🌕
450,6 : 14 pm,凛
451,6 : 13 pm,开不了口的花蛤同学
452,6 : 13 pm,阿花
453,6 : 12 pm,🌵多肉
454,6 : 12 pm,L.Yn
455,6 : 12 pm,七
456,6 : 11 pm,多喝开水
457,6 : 11 pm,烟没了味
458,6 : 11 pm,Emma
459,6 : 11 pm,zombie
460,6 : 11 pm,zombie
461, : 10 pm ,
462,6 : 09 pm,forehead
463,6 : 09 pm,四斤
464, : 09 pm ,
465,6 : 09 pm,冬天去看海
466,6 : 09 pm,仐
467,6 : 09 pm,.
468,6 : 08 pm,仐
469,6 : 08 pm,Fogg同学
470,6 : 08 pm,日一
471,6 : 08 pm,乔伊
472,6 : 08 pm,烟没了味
473,6 : 08 pm,羊鹿
474,6 : 07 pm,顾亦。
475,6 : 07 pm,阿童木。
476,6 : 07 pm,眼看尽醉人
477,6 : 07 pm,别来无恙
478,6 : 07 pm,是鱼
479,6 : 07 pm,阿苏
480,6 : 07 pm,翮安
481,6 : 07 pm,ANNO
482,6 : 07 pm,左边暖和
483,6 : 06 pm,尤里
484,6 : 06 pm,布丁儿
485,6 : 05 pm,林依人
486,6 : 05 pm,燕归来
487,6 : 05 pm,南木
488,6 : 05 pm,J。
489, : 04 pm ,
490,6 : 03 pm,luoaillui
491,6 : 03 pm,燕归来
492,6 : 03 pm,蓁猪
493,6 : 03 pm,廖北之
494,6 : 03 pm,｀ط´
495,6 : 02 pm,ethjgreen
496,6 : 02 pm,彩虹金刚
497,6 : 01 pm,11月的秋天
498,6 : 00 pm,一个人
499,6 : 00 pm,素及。
500,6 : 01 pm,11月的秋天
501,6 : 00 pm,一个人
502,6 : 00 pm,素及。
503,6 : 00 pm,给你宇宙
504,6 : 00 pm,✨祝小星
505,5 : 59 pm,善德
506,5 : 59 pm,猜猜我是谁
507,5 : 58 pm,新晋神仙哥哥
508,5 : 57 pm,龙套
509, : 57 pm ,
510,5 : 57 pm,夏天的结束
511,5 : 57 pm,更好
512,5 : 57 pm,龙套
513,5 : 57 pm,ENN.
514,5 : 56 pm,月半少女
515,5 : 56 pm,小姑娘
516,5 : 56 pm,夏夜飞行棋
517,5 : 56 pm,京城小法师
518,5 : 55 pm,祖宗
519,5 : 55 pm,司马梦羽
520,5 : 55 pm,司马梦羽
521,5 : 55 pm,77木有昵称
522,5 : 55 pm,迟暮连山黛
523,5 : 53 pm,Jessie
524,5 : 53 pm,你好丶我是阿玖
525,5 : 52 pm,冬天去看海
526,5 : 52 pm,☆萝卜卜★
527,5 : 52 pm,维尼
528,5 : 52 pm,(´･_･`)
529,5 : 52 pm,渣渣
530,5 : 51 pm,廖北之
531,5 : 51 pm,啊会@dog
532,5 : 51 pm,ʚ蜻蜓ɞ
533,5 : 50 pm,七
534,5 : 50 pm,張殿
535,5 : 50 pm,川上之竹
536,5 : 50 pm,你好丶我是阿玖
537,5 : 49 pm,廖北之
538,5 : 49 pm,KmeJ-
539,5 : 49 pm,拼命姑娘
540,5 : 48 pm,☆萝卜卜★
541,5 : 48 pm,011217
542,5 : 48 pm,。。。
543,5 : 48 pm,咸鱼一刺
544,5 : 48 pm,叨叨叨~
545,5 : 47 pm,青山依旧
546,5 : 47 pm,清水镜
547,5 : 47 pm,简单。
548,5 : 47 pm,捌诫
549,5 : 46 pm,漏风时光机
550,5 : 46 pm,跳格子
551,5 : 46 pm,西西
552,5 : 46 pm,阿喜呀
553,5 : 46 pm,孙悟空的迷你裙
554,5 : 46 pm,你的盖饭英雄
555,5 : 45 pm,难养的猫
556,5 : 45 pm,嗨～
557,5 : 44 pm,我欲成仙
558,5 : 44 pm,Pluto
559,5 : 44 pm,子皙
560,5 : 43 pm,Dear P
561,5 : 43 pm,鱼肉
562,5 : 43 pm,玛丽安兔。
563,5 : 43 pm,hici
564,5 : 42 pm,amm
565,5 : 41 pm,阿喜呀
566,5 : 41 pm,青山依旧
567,5 : 40 pm,陈情旧事云烟过
568,5 : 40 pm,网友
569,5 : 40 pm,馋鸡三年
570,5 : 40 pm,一枚小透明。
571,5 : 39 pm,无感。
572,5 : 39 pm,她只是个匆忙的旅人啊
573,5 : 38 pm,改个名字你就认不出我
574,5 : 38 pm,石乐志
575,5 : 37 pm,等風的敏儿
576,5 : 37 pm,胡桃瓜子
577,5 : 36 pm,多么像积木啊
578,5 : 36 pm,兔纸瞳瞳酱
579,5 : 35 pm,peeech
580,5 : 35 pm,peeech
581,5 : 35 pm,嘘.
582,5 : 35 pm,一粒方糖
583,5 : 34 pm,衬里
584,5 : 34 pm,昏昏✨
585,5 : 34 pm,吃不胖的瘦子
586,5 : 34 pm,石乐志
587,5 : 33 pm,mika
588,5 : 33 pm,｀ط´
589,5 : 33 pm,Spaghetti
590,5 : 33 pm,爱学习的萝卜
591,5 : 33 pm,桥，别来无恙
592,5 : 33 pm,自在独行
593,5 : 33 pm,球球球
594,5 : 32 pm,非著名垃圾人
595,5 : 32 pm,嘘.
596,5 : 30 pm,~
597,5 : 30 pm,浮云羞蔽月
598,5 : 29 pm,孙二丫
599,5 : 29 pm,哔了狗捡回来的公主
600,5 : 29 pm,孙二丫
601,5 : 29 pm,哔了狗捡回来的公主
602,5 : 29 pm,白粥一碗
603,5 : 29 pm,两座火山
604,5 : 29 pm,YU.A
605,5 : 29 pm,无感。
606,5 : 28 pm,小草姑娘
607,5 : 27 pm,DX3906
608,5 : 27 pm,離所
609,5 : 26 pm,向西
610,5 : 26 pm,己森小人
611,5 : 26 pm,｀ط´
612,5 : 25 pm,男神小姐姐
613,5 : 24 pm,跳格子
614,5 : 24 pm,哼哼骨碌
615,5 : 23 pm,重久
616,5 : 23 pm,氧气啊
617,5 : 23 pm,没什么大不了
618,5 : 22 pm,街上看太阳吧
619,5 : 21 pm,重久
620,5 : 23 pm,没什么大不了
621,5 : 22 pm,街上看太阳吧
622,5 : 21 pm,重久
623,5 : 21 pm,麥子
624,5 : 20 pm,一起生活吗
625,5 : 19 pm,不能叫这个名字了
626,5 : 19 pm,你的盖饭英雄
627,5 : 19 pm,限制级高清在线观看
628,5 : 18 pm,付钧彦
629,5 : 18 pm,Melody
630,5 : 18 pm,做梦高手
631,5 : 18 pm,陈情旧事云烟过
632,5 : 18 pm,被恐龙吃了
633,5 : 17 pm,不能叫这个名字了
634,5 : 17 pm,｀ط´
635,5 : 17 pm,Tie me up
636,5 : 16 pm,黄桃酸奶
637,5 : 16 pm,Mr. L
638,5 : 16 pm,f(x)
639,5 : 16 pm,🌵多肉
640,5 : 16 pm,f(x)
641,5 : 16 pm,🌵多肉
642,5 : 16 pm,不能叫这个名字了
643,5 : 15 pm,喵撇撇
644,5 : 15 pm,十一。و
645,5 : 14 pm,桑之落矣
646,5 : 14 pm,已注销
647,5 : 13 pm,杨
648,5 : 13 pm,你又不叫杨温柔
649,5 : 13 pm,我又辞职了！
650,5 : 12 pm,鱼
651,5 : 12 pm,罅隙
652,5 : 12 pm,述笙
653,5 : 12 pm,限制级高清在线观看
654,5 : 11 pm,不能叫这个名字了
655,5 : 11 pm,光
656,5 : 10 pm,那个总想太多的姑娘
657,5 : 10 pm,阿大花
658,5 : 10 pm,阿浅
659,5 : 09 pm,顾亦。
660,5 : 09 pm,顾亦。
661,5 : 09 pm,趁大风未起
662,5 : 09 pm,R
663,5 : 09 pm,瑾瑜
664,5 : 08 pm,🌵多肉
665,5 : 07 pm,_Canary
666,5 : 07 pm,温柔飞行的一本书
667,5 : 07 pm,一颗星星
668,5 : 06 pm,刘大仙算钱不要命。
669,5 : 06 pm,恐恐。
670,5 : 06 pm,夏末
671,5 : 06 pm,攻橙
672,5 : 06 pm,Hassaku
673,5 : 05 pm,你有巧克力吗
674,5 : 05 pm,_Canary
675,5 : 05 pm,爱学习的萝卜
676,5 : 04 pm,拾荒者
677,5 : 04 pm,今天的天台
678,5 : 04 pm,小汤圆
679,5 : 03 pm,如果。嘉遇
680,5 : 02 pm,爱学习的萝卜
681,5 : 02 pm,3055
682,5 : 01 pm,Scarlett
683,5 : 01 pm,鼠妇
684,5 : 01 pm,鸵鸟
685,5 : 01 pm,小汤圆
686,4 : 59 pm,无
687,4 : 59 pm,要有多渴望才能够。
688,4 : 58 pm,_Canary
689,4 : 58 pm,never
690,4 : 58 pm,Vanilloco。
691,4 : 57 pm,攻橙
692,4 : 57 pm,☆萝卜卜★
693,4 : 57 pm,Bec
694,4 : 57 pm,志于此
695,4 : 57 pm,阿西达卡
696,4 : 56 pm,落。
697,4 : 56 pm,11月的秋天
698,4 : 56 pm,lemonade
699,4 : 56 pm,十一。و
700,4 : 56 pm,lemonade
701,4 : 56 pm,十一。و
702,4 : 56 pm,球球球
703,4 : 55 pm,Nothing
704,4 : 55 pm,sasa❤💛💚💙💜
705,4 : 55 pm,天天开心茉小胖
706,4 : 55 pm,梦想是什么鬼
707,4 : 55 pm,Toxica .
708,4 : 54 pm,一枚小透明。
709,4 : 54 pm,球球球
710,4 : 54 pm,一枚小透明。
711,4 : 54 pm,许我向你看
712,4 : 53 pm,ௐௐௐ
713,4 : 53 pm,.
714,4 : 53 pm,慎
715,4 : 53 pm,毛茸茸根本抵抗不了
716,4 : 53 pm,夏末
717,4 : 52 pm,林夕
718,4 : 52 pm,谢小羊
719,4 : 52 pm,禾鹿
720,4 : 52 pm,夔万
721,4 : 52 pm,叨叨叨~
722,4 : 51 pm,红与黑
723, : 51 pm ,
724,4 : 51 pm,🍄🌱
725,4 : 51 pm,你说呢
726,4 : 51 pm,PI
727,4 : 50 pm,Sherfun
728,4 : 50 pm,瑜伽猫猫
729,4 : 50 pm,一枚小透明。
730,4 : 49 pm,限制级高清在线观看
731,4 : 49 pm,多财
732,4 : 48 pm,鱼
733,4 : 47 pm,hedgehog
734,4 : 47 pm,凛
735,4 : 47 pm,阿西达卡
736,4 : 47 pm,ppp小亮
737,4 : 46 pm,婠婠
738,4 : 46 pm,Demo
739,4 : 46 pm,Q
740,4 : 46 pm,Q
741,4 : 45 pm,Casey
742,4 : 45 pm,陈清扬没钱花
743,4 : 45 pm,三千
744,4 : 44 pm,己森小人
745,4 : 44 pm,柒
746,4 : 44 pm,一
747,4 : 44 pm,hici
748,4 : 44 pm,想飞的鱼
749,4 : 43 pm,☆萝卜卜★
750,4 : 43 pm,过了中二的年纪🐋
751,4 : 43 pm,爱哈夫土狗
752,4 : 43 pm,你又不叫杨温柔
753,4 : 42 pm,安筱儿。
754,4 : 42 pm,跳格子
755,4 : 41 pm,11月前空白
756,4 : 41 pm,ོ
757,4 : 41 pm,怪阿姨
758,4 : 41 pm,速冻米奇
759,4 : 40 pm,forehead
760,4 : 40 pm,绝
761,4 : 40 pm,树漏光
762,4 : 39 pm,铭羽
763,4 : 39 pm,summerstar
764,4 : 38 pm,锅锅
765,4 : 38 pm,虫咩
766,4 : 38 pm,渘🐳
767,4 : 37 pm,非著名垃圾人
768,4 : 37 pm,赤橘
769,4 : 37 pm,汪！
770,4 : 37 pm,😘
771,4 : 36 pm,麦克嘎
772,4 : 36 pm,summerstar
773,4 : 36 pm,.
774,4 : 36 pm,账号一
775,4 : 36 pm,被恐龙吃了
776,4 : 36 pm,ʚ大熊ɞ
777,4 : 35 pm,cheyennつ
778,4 : 35 pm,夏夜飞行棋
779,4 : 35 pm,ོ
780,4 : 35 pm,cheyennつ
781,4 : 35 pm,夏夜飞行棋
782,4 : 35 pm,ོ
783,4 : 35 pm,ʚ大熊ɞ
784,4 : 34 pm,13740、
785,4 : 34 pm,😘
786,4 : 34 pm,麥子
787,4 : 33 pm,竵
788,4 : 32 pm,独食
789,4 : 32 pm,天天开心茉小胖
790,4 : 31 pm,Cony
791,4 : 31 pm,挑食的瘦子
792,4 : 30 pm,小盆友
793,4 : 30 pm,f(x)
794,4 : 30 pm,帅比陈
795,4 : 30 pm,蛋蛋
796,4 : 29 pm,无声告白
797,4 : 29 pm,做梦高手
798,4 : 29 pm,leahy
799,4 : 29 pm,卑劣者的狂欢
800,4 : 29 pm,做梦高手
801,4 : 29 pm,leahy
802,4 : 29 pm,卑劣者的狂欢
803,4 : 28 pm,、George
804,4 : 27 pm,陈清扬没钱花
805,4 : 27 pm,非著名垃圾人
806,4 : 27 pm,不爱了 走了
807,4 : 27 pm,.
808,4 : 27 pm,forehead
809,4 : 27 pm,SoC
810,4 : 26 pm,forehead
811,4 : 26 pm,🎈🎈🎈
812,4 : 25 pm,张火火
813,4 : 25 pm,swine
814,4 : 25 pm,莉栗子
815,4 : 25 pm,😘
816,4 : 24 pm,星昔。
817,4 : 24 pm,西亚的蛇
818,4 : 24 pm,HL的大脑拒绝修仙
819,4 : 23 pm,行为思想矛盾
820,4 : 24 pm,HL的大脑拒绝修仙
821,4 : 23 pm,行为思想矛盾
822,4 : 23 pm,别关注我
823,4 : 23 pm,X
824,4 : 23 pm,77木有昵称
825,4 : 23 pm,Casablanca
826,4 : 22 pm,TOORU。
827,4 : 22 pm,WuwUu
828,4 : 22 pm,Tukwilang
829,4 : 22 pm,I
830,4 : 22 pm,拉面小天使
831,4 : 21 pm,时光与海不重逢
832,4 : 21 pm,双树
833,4 : 21 pm,啊啊wing
834,4 : 20 pm,Ankh
835,4 : 20 pm,lemonade
836,4 : 20 pm,実力派若手小仙女
837,4 : 20 pm,对，是大爷！
838,4 : 19 pm,MIA
839,4 : 19 pm,叶小温
840,4 : 19 pm,葭翙
841,4 : 18 pm,-门牙
842,4 : 18 pm,京城小法师
843,4 : 18 pm,非著名垃圾人
844,4 : 18 pm,百川
845,4 : 18 pm,五
846,4 : 18 pm,熊猫公子
847,4 : 18 pm,贤良
848,4 : 17 pm,L.Y.F
849,4 : 17 pm,被恐龙吃了
850,4 : 16 pm,啊…
851,4 : 16 pm,轻松自在
852,4 : 16 pm,非著名垃圾人
853,4 : 16 pm,🌙荔渔
854,4 : 16 pm,古月
855,4 : 16 pm,会消失的安妮
856,4 : 15 pm,别扭的孤独少女
857,4 : 15 pm,一只小刘
858,4 : 15 pm,summerstar
859,4 : 15 pm,--
860,4 : 14 pm,时光与海不重逢
861,4 : 14 pm,厌学冠军
862,4 : 14 pm,Zoe
863,4 : 13 pm,大树
864,4 : 12 pm,＜／＞
865,4 : 12 pm,L.Y.F
866,4 : 11 pm,想要开心丫
867,4 : 11 pm,Nowhere
868,4 : 11 pm,林姑娘。
869,4 : 10 pm,这里有个小秘密
870,4 : 10 pm,别来无恙
871,4 : 09 pm,lemonade
872,4 : 08 pm,.
873,4 : 08 pm,陈罐西
874,4 : 08 pm,Supergirl
875,4 : 07 pm,一只小柚子就是我
876,4 : 07 pm,弗兰德斯
877,4 : 06 pm,1886
878,4 : 06 pm,阿瑶在这里呀
879,4 : 05 pm,佩奇是只猪啊！
880,4 : 06 pm,1886
881,4 : 06 pm,阿瑶在这里呀
882,4 : 05 pm,佩奇是只猪啊！
883,4 : 04 pm,`3.叁、
884,4 : 04 pm,大概是傻子吧？
885,4 : 04 pm,金礼物内购呀
886,4 : 04 pm,里向日记
887,4 : 04 pm,男神小姐姐
888,4 : 03 pm,Déjà vu
889,4 : 03 pm,氯雷他定
890,4 : 03 pm,Haru
891,4 : 02 pm,lll
892,4 : 02 pm,昏鸦乱
893,4 : 01 pm,今天的天台
894,4 : 01 pm,南衣
895,4 : 01 pm,诸葛
896,4 : 01 pm,🌕
897,4 : 01 pm,盒子
898,4 : 01 pm,Orange.He
899,4 : 00 pm,意绵绵
900,4 : 01 pm,Orange.He
901,4 : 00 pm,意绵绵
902,4 : 00 pm,小可怜
903,4 : 00 pm,天堂角落
904,3 : 59 pm,轻松自在
905,3 : 59 pm,四十四次日落。
906,3 : 58 pm,Vanilloco。
907,3 : 58 pm,Sejd
908,3 : 58 pm,butadiene
909,3 : 58 pm,♡ 喵
910,3 : 58 pm,11yue1ri
911,3 : 58 pm,我是否在你心间呀=)
912,3 : 57 pm,陈情旧事云烟过
913,3 : 57 pm,Mrs.Yhc
914,3 : 57 pm,愿我们安好@
915,3 : 57 pm,南衣
916,3 : 57 pm,抱柱
917,3 : 57 pm,厌学冠军
918,3 : 56 pm,有機酸
919,3 : 56 pm,明天星期八
920,3 : 56 pm,明天星期八
921,3 : 55 pm,今天又懒得开心
922,3 : 55 pm,想要开心丫
923,3 : 55 pm,hh
924,3 : 55 pm,不能叫这个名字了
925,3 : 55 pm,Brooklyn
926,3 : 54 pm,脑子里总是胡言乱语
927,3 : 54 pm,Last Dance
928,3 : 53 pm,Sherfun
929,3 : 53 pm,等風的敏儿
930,3 : 52 pm,挑食的瘦子
931,3 : 52 pm,迷路的阿萌
932,3 : 51 pm,今夕何夕
933,3 : 50 pm,amelia
934,3 : 50 pm,躺着玩手机
935,3 : 50 pm,乔安果果
936,3 : 50 pm,一个陌生女人的日记
937,3 : 49 pm,饭团
938,3 : 49 pm,CiCi
939,3 : 49 pm,Q
940,3 : 48 pm,做一个很nice的人
941,3 : 48 pm,张火火
942,3 : 47 pm,一个陌生女人的日记
943,3 : 46 pm,:-)
944,3 : 46 pm,者行孙
945,3 : 45 pm,嘘.
946,3 : 45 pm,特别的特鲁
947,3 : 45 pm,融化不了的雪糕
948,3 : 45 pm,Scarlett
949, : 44 pm ,
950, : 44 pm ,
951,3 : 44 pm,争渡
952,3 : 44 pm,奥尔特云
953,3 : 43 pm,记得
954,3 : 43 pm,Scarlett
955,3 : 42 pm,"（2,+∞）"
956,3 : 42 pm,大树
957,3 : 41 pm,就是軟軟の
958,3 : 41 pm,😘
959,3 : 41 pm,不能叫这个名字了
960,3 : 41 pm,😘
961,3 : 41 pm,不能叫这个名字了
962, : 41 pm ,
963,3 : 40 pm,夕夕晚风
964,3 : 40 pm,Illiade
965,3 : 40 pm,Sherfun
966,3 : 40 pm,復蘇無望
967,3 : 39 pm,什么生活
968,3 : 39 pm,-门牙
969,3 : 39 pm,😂永远游戏荒🤑
970,3 : 39 pm,韭菜猪肉
971,3 : 39 pm,什么生活
972,3 : 38 pm,就是軟軟の
973,3 : 38 pm,不能叫这个名字了
974,3 : 37 pm,十一。و
975,3 : 37 pm,信先生是男神吖
976,3 : 36 pm,薇罗和妮卡
977,3 : 35 pm,B612号小行星
978,3 : 35 pm,金多虾
979,3 : 34 pm,Stardust
980,3 : 34 pm,薇罗和妮卡
981,3 : 34 pm,😂永远游戏荒🤑
982,3 : 34 pm,Sherfun
983,3 : 33 pm,Brooklyn
984,3 : 33 pm,或许是橘了-
985,3 : 33 pm,不能叫这个名字了
986,3 : 33 pm,見兔顧犬@戟光
987,3 : 33 pm,Drella.
988,3 : 33 pm,李慢慢
989,3 : 31 pm,戴珍珠耳环的表情包
990,3 : 31 pm,红摇
991,3 : 31 pm,限制级高清在线观看
992,3 : 31 pm,冬天去看海
993,3 : 31 pm,不能叫这个名字了
994,3 : 31 pm,我叫王前进
995,3 : 31 pm,不能叫这个名字了
996,3 : 30 pm,派大馨
997,3 : 30 pm,暴躁瓦特妹棱
998,3 : 30 pm,落。
999,3 : 29 pm,潘彼得
1000,3 : 29 pm,潘彼得
1001,3 : 29 pm,蜂蜜柚子猫
1002,3 : 28 pm,Lam
1003, : 28 pm ,
1004,3 : 28 pm,**の猪
1005,3 : 28 pm,鬼
1006,3 : 27 pm,薇罗和妮卡
1007,3 : 27 pm,sisao
1008,3 : 27 pm,固执
1009,3 : 27 pm,hh
1010,3 : 27 pm,戴珍珠耳环的表情包
1011,3 : 26 pm,hici
1012,3 : 26 pm,边一个发明了返工
1013,3 : 26 pm,空港、whisper
1014,3 : 26 pm,天子脚下
1015,3 : 25 pm,嘟嘟嘟的吃货
1016, : 24 pm ,
1017,3 : 24 pm,被恐龙吃了
1018,3 : 23 pm,无声告白
1019,3 : 23 pm,🤐🤐🤐
1020,3 : 23 pm,吴林辰
1021,3 : 23 pm,11月前空白
1022,3 : 23 pm,陌然浅笑
1023,3 : 23 pm,天天开心茉小胖
1024,3 : 22 pm,爱吃肉骨头
1025,3 : 22 pm,一起生活吗
1026,3 : 22 pm,😂永远游戏荒🤑
1027,3 : 22 pm,我又辞职了！
1028,3 : 22 pm,默默无纹
1029,3 : 21 pm,晕晕
1030,3 : 21 pm,独食
1031,3 : 20 pm,MINEBUMI
1032,3 : 19 pm,给我一首歌的时间
1033,3 : 18 pm,沙也加
1034,3 : 18 pm,RE
1035,3 : 17 pm,夏末
1036,3 : 17 pm,木鱼
1037,3 : 17 pm,wtever
1038,3 : 17 pm,白尘
1039,3 : 17 pm,Empr
1040,3 : 17 pm,Empr
1041,3 : 17 pm,禾鹿
1042,3 : 17 pm,罅隙
1043,3 : 17 pm,wtever
1044,3 : 16 pm,🐑2⃣️🐶
1045,3 : 16 pm,柒奕
1046,3 : 16 pm,麻团儿
1047,3 : 15 pm,杨小胖
1048,3 : 15 pm,好好🍒
1049,3 : 14 pm,发条梨
1050,3 : 14 pm,恬淡
1051,3 : 14 pm,Stardust
1052,3 : 14 pm,纽约警察与甜甜圈
1053,3 : 13 pm,鱼小葵
1054,3 : 13 pm,南瓜
1055,3 : 13 pm,来去由心
1056,3 : 11 pm,｀ط´
1057,3 : 11 pm,今天的天台
1058,3 : 11 pm,努力生活
1059,3 : 10 pm,.
1060,3 : 10 pm,.
1061,3 : 10 pm,雨天小姐~
1062,3 : 10 pm,.
1063,3 : 08 pm,努力起来吧
1064,3 : 08 pm,鱼小葵
1065,3 : 07 pm,许我向你看
1066,3 : 07 pm,浮云羞蔽月
1067,3 : 07 pm,011217
1068,3 : 07 pm,鱼小葵
1069,3 : 05 pm,纽约警察与甜甜圈
1070,3 : 05 pm,sylvia
1071,3 : 04 pm,陈清扬没钱花
1072,3 : 04 pm,什么生活
1073,3 : 04 pm,徐家狗子
1074,3 : 03 pm,西西
1075,3 : 03 pm,noname
1076,3 : 03 pm,11月的秋天
1077,3 : 02 pm,陈罐西
1078,3 : 02 pm,瑾瑜
1079,3 : 01 pm,成为一只鸵鸟
1080,3 : 00 pm,时过境迁之后。
1081,2 : 59 pm,阿狗
1082,2 : 58 pm,等風的敏儿
1083,2 : 58 pm,実力派若手小仙女
1084,2 : 58 pm,派大馨
1085,2 : 56 pm,.
1086,2 : 55 pm,m o r l y
1087,2 : 55 pm,猜猜我是谁
1088,2 : 54 pm,熊猫公子
1089,2 : 54 pm,小奏
1090,2 : 54 pm,虞晓
1091,2 : 53 pm,13740、
1092,2 : 53 pm,竵
1093,2 : 53 pm,dokidoki
1094,2 : 52 pm,哭泣的麦子
1095,2 : 52 pm,**の猪
1096,2 : 50 pm,helloworld
1097,2 : 50 pm,陈罐西
1098,2 : 50 pm,老罗
1099,2 : 48 pm,Amo-夏。
1100,2 : 50 pm,老罗
1101,2 : 48 pm,Amo-夏。
1102,2 : 47 pm,original
1103,2 : 47 pm,赤橘
1104,2 : 47 pm,寸木
1105,2 : 47 pm,Lola
1106,2 : 46 pm,谢二十三
1107,2 : 46 pm,风雅的云中妖精
1108,2 : 46 pm,忍冬。
1109,2 : 45 pm,甜啾啾
1110,2 : 45 pm,固执
1111,2 : 45 pm,长白阿〆
1112,2 : 45 pm,.
1113,2 : 45 pm,彩椒小姐
1114,2 : 44 pm,阿大花
1115,2 : 44 pm,梦想家
1116,2 : 44 pm,肚子好饿啊
1117,2 : 44 pm,沙也加
1118,2 : 44 pm,S.uri_Z
1119,2 : 43 pm,缘起
1120,2 : 43 pm,一日则旧
1121,2 : 43 pm,你的盖饭英雄
1122,2 : 43 pm,S.uri_Z
1123,2 : 43 pm,hershey's
1124,2 : 42 pm,̑̑ᗦ↞◃
1125,2 : 41 pm,迟暮连山黛
1126,2 : 40 pm,喵撇撇
1127,2 : 40 pm,缘起
1128,2 : 40 pm,寿司🍣
1129,2 : 40 pm,陌上听蝉
1130,2 : 39 pm,马猴烧酒
1131, : 39 pm ,
1132, 2 : 39 p,氧
1133,2 : 39 pm,微笑女王
1134,2 : 38 pm,瑾瑜
1135,2 : 36 pm,书凌凌
1136,2 : 35 pm,Orange
1137,2 : 35 pm,f(x)
1138,2 : 34 pm,小胖子
1139,2 : 33 pm,忍冬。
1140,2 : 35 pm,Orange
1141,2 : 35 pm,f(x)
1142,2 : 34 pm,小胖子
1143,2 : 33 pm,忍冬。
1144,2 : 32 pm,沐砥
1145,2 : 30 pm,(≖_≖ )
1146,2 : 29 pm,悠雪羽翼
1147,2 : 29 pm,f(x)
1148,2 : 29 pm,柒奕
1149,2 : 29 pm,空港、whisper
1150,2 : 29 pm,一个陌生女人的日记
1151,2 : 28 pm,追柳
1152,2 : 28 pm,阿窈。
1153,2 : 28 pm,S.uri_Z
1154,2 : 27 pm,明天星期八
1155,2 : 27 pm,装睡
1156,2 : 27 pm,娇妹
1157,2 : 27 pm,xiaoxiao
1158,2 : 27 pm,账号一
1159,2 : 26 pm,生气的小花卷儿
1160,2 : 26 pm,生气的小花卷儿
1161,2 : 26 pm,陈清扬没钱花
1162,2 : 26 pm,夏念念
1163,2 : 26 pm,Vanilloco。
1164,2 : 26 pm,渍。
1165,2 : 25 pm,一二三，木头人。
1166,2 : 25 pm,f(x)
1167,2 : 24 pm,陆十八
1168,2 : 22 pm,芒果可爱多
1169,2 : 22 pm,祐一夫人
1170,2 : 22 pm,11月的秋天
1171,2 : 22 pm,解放的鸣鸟
1172,2 : 21 pm,刘大仙算钱不要命。
1173,2 : 21 pm,11月的秋天
1174,2 : 20 pm,小嘎豆
1175,2 : 20 pm,蓁猪
1176,2 : 19 pm,Aplin
1177,2 : 19 pm,、George
1178,2 : 19 pm,追柳
1179,2 : 18 pm,夕夕晚风
1180,2 : 18 pm,夕夕晚风
1181,2 : 18 pm,勉强去活
1182,2 : 18 pm,非著名垃圾人
1183,2 : 17 pm,余生是你哈
1184,2 : 16 pm,一个陌生女人的日记
1185,2 : 16 pm,ICE
1186,2 : 16 pm,🌙秋月白
1187,2 : 15 pm,｀ط´
1188,2 : 15 pm,瑜伽猫猫
1189,2 : 14 pm,一只学渣
1190,2 : 14 pm,Blackwater
1191,2 : 13 pm,龙套
1192,2 : 12 pm,I
1193,2 : 12 pm,余生是你哈
1194,2 : 12 pm,暖暖
1195,2 : 11 pm,待ってる
1196,2 : 11 pm,ʚ小尘埃ɞ
1197,2 : 11 pm,whisper
1198,2 : 10 pm,.
1199,2 : 10 pm,。
1200,2 : 09 pm,100120661
1201,2 : 08 pm,莫名
1202,2 : 08 pm,你要快乐
1203,2 : 08 pm,快到碗里来
1204,2 : 08 pm,被恐龙吃了
1205,2 : 07 pm,一只学渣
1206,2 : 07 pm,山有木兮木有枝
1207,2 : 07 pm,理想国的汪
1208,2 : 06 pm,未完成
1209,2 : 06 pm,2018搜索
1210,2 : 06 pm,一口一碗鱼纹粥
1211,2 : 05 pm,韭菜猪肉
1212,2 : 05 pm,快到碗里来
1213,2 : 05 pm,阿柒柒
1214,2 : 03 pm,游典恬
1215,2 : 03 pm,一只学渣
1216,2 : 03 pm,水蓝色
1217,2 : 03 pm,夕夕晚风
1218,2 : 02 pm,LauLukSin
1219,2 : 02 pm,empty
1220,2 : 02 pm,LauLukSin
1221,2 : 02 pm,empty
1222,2 : 01 pm,-寡淡-
1223,2 : 01 pm,情出自愿 事过无悔
1224,2 : 01 pm,做一个很nice的人
1225,2 : 01 pm,明天会在明天到来
1226,2 : 01 pm,被恐龙吃了
1227,2 : 00 pm,77木有昵称
1228,2 : 00 pm,修改名字
1229,1 : 59 pm,绝渡逢舟
1230,1 : 59 pm,你又不叫杨温柔
1231,1 : 59 pm,南瓜
1232,1 : 59 pm,Cecile
1233,1 : 58 pm,被恐龙吃了
1234,1 : 57 pm,后来
1235,1 : 57 pm,被恐龙吃了
1236,1 : 57 pm,K.
1237,1 : 57 pm,77木有昵称
1238,1 : 57 pm,昝昝
1239,1 : 56 pm,Mrs.Z
1240,1 : 56 pm,Mrs.Z
1241,1 : 55 pm,Casey
1242,1 : 55 pm,Cancer
1243,1 : 54 pm,无处安放
1244,1 : 54 pm,。Ciao
1245,1 : 53 pm,。
1246,1 : 53 pm,恶意软件
1247,1 : 51 pm,婠婠
1248,1 : 51 pm,青梅
1249,1 : 51 pm,安吉哥斯拉
1250,1 : 51 pm,陸深。
1251,1 : 51 pm,自强瘦到120！
1252,1 : 51 pm,绿深山
1253,1 : 50 pm,L.Y.F
1254,1 : 50 pm,青菜
1255,1 : 50 pm,一束
1256,1 : 49 pm,塾诗
1257,1 : 49 pm,高歌
1258,1 : 48 pm,做一个很nice的人
1259,1 : 48 pm,一只学渣
1260,1 : 48 pm,一只学渣
1261,1 : 47 pm,桑之落矣
1262,1 : 47 pm,瑾瑜
1263,1 : 46 pm,兔纸瞳瞳酱
1264,1 : 45 pm,瑜伽猫猫
1265,1 : 45 pm,蚀苔
1266,1 : 45 pm,Ekes
1267,1 : 44 pm,孤独的碇真嗣
1268,1 : 44 pm,几许
1269,1 : 44 pm,鲤江
1270,1 : 44 pm,2018搜索
1271,1 : 44 pm,立
1272,1 : 42 pm,彩虹金刚
1273,1 : 42 pm,一壶漂泊
1274,1 : 41 pm,绝渡逢舟
1275,1 : 40 pm,我说你是辣鸡啊
1276,1 : 40 pm,想笑却笑不出来的花
1277,1 : 40 pm,钠.
1278,1 : 40 pm,膏药
1279,1 : 39 pm,取名字好累
1280,1 : 40 pm,膏药
1281,1 : 39 pm,取名字好累
1282,1 : 39 pm,生气的小花卷儿
1283,1 : 38 pm,瑜伽猫猫
1284,1 : 37 pm,abc
1285,1 : 36 pm,陈罐西
1286,1 : 36 pm,光·年
1287,1 : 36 pm,lovin U
1288,1 : 36 pm,季唯夏
1289,1 : 35 pm,栀大人
1290,1 : 35 pm,HL的大脑拒绝修仙
1291,1 : 35 pm,于衷
1292,1 : 34 pm,禾鹿
1293,1 : 34 pm,一枕
1294,1 : 33 pm,汝
1295,1 : 33 pm,多喝开水
1296,1 : 31 pm,Tukwilang
1297,1 : 31 pm,清逸
1298,1 : 30 pm,Jsayo🐟🐟🐟
1299,1 : 29 pm,~
1300,1 : 28 pm,Tukwilang
1301,1 : 28 pm,叶勇敢
1302,1 : 28 pm,光·年
1303,1 : 27 pm,一枝星
1304,1 : 27 pm,红摇
1305,1 : 27 pm,狗蛋君✿
1306,1 : 26 pm,速冻米奇
1307,1 : 25 pm,微凉
1308,1 : 25 pm,光·年
1309,1 : 24 pm,翮安
1310,1 : 24 pm,朴蔚
1311,1 : 23 pm,光·年
1312,1 : 23 pm,Yep
1313,1 : 23 pm,祐一夫人
1314,1 : 23 pm,方圆.
1315,1 : 23 pm,马孔多的夏
1316,1 : 22 pm,伤古
1317,1 : 22 pm,鬼
1318,1 : 22 pm,晕晕
1319,1 : 22 pm,Jacky
1320,1 : 22 pm,晕晕
1321,1 : 22 pm,Jacky
1322,1 : 21 pm,叶勇敢
1323,1 : 21 pm,商陆
1324,1 : 21 pm,无漾无恙
1325,1 : 21 pm,泰迪熊软化剂
1326,1 : 21 pm,瘦了八斤的糯米饭
1327,1 : 20 pm,"（2,+∞）"
1328,1 : 20 pm,我本人超奶思
1329,1 : 20 pm,尧。
1330,1 : 20 pm,水蓝色
1331,1 : 20 pm,换日以东。
1332,1 : 20 pm,🌙秋月白
1333,1 : 20 pm,be
1334,1 : 19 pm,一口一碗鱼纹粥
1335,1 : 18 pm,笙箫
1336, : 18 pm ,
1337,1 : 18 pm,家有狗子的徐老师
1338,1 : 17 pm,我又辞职了！
1339,1 : 16 pm,生气的小花卷儿
1340,1 : 16 pm,whitestone
1341,1 : 15 pm,不下93不改名
1342,1 : 15 pm,橘络
1343,1 : 15 pm,数独字母
1344,1 : 15 pm,咸鱼
1345,1 : 15 pm,̑̑ᗦ↞◃
1346,1 : 14 pm,款款深
1347,1 : 14 pm,＜／＞
1348,1 : 14 pm,啤酒红烧肉
1349,1 : 13 pm,Yep
1350,1 : 13 pm,光·年
1351,1 : 12 pm,追太阳的鲸鱼
1352,1 : 12 pm,🌙秋月白
1353,1 : 12 pm,向日葵武士
1354,1 : 11 pm,鲜烤小咸鱼
1355,1 : 11 pm,陈情旧事云烟过
1356,1 : 11 pm,光·年
1357,1 : 11 pm,神的孩子都在做梦
1358,1 : 10 pm,Mg
1359,1 : 10 pm,一公斤海浪
1360,1 : 09 pm,Crush
1361,1 : 09 pm,colmecry
1362,1 : 09 pm,瘢痕體質
1363,1 : 09 pm,追风筝的人
1364,1 : 09 pm,无心
1365,1 : 09 pm,过隙影
1366,1 : 08 pm,非著名垃圾人
1367,1 : 08 pm,人间有味是清欢
1368,1 : 08 pm,桦南
1369,1 : 07 pm,🌙秋月白
1370,1 : 07 pm,春天在车厢里
1371,1 : 06 pm,铅笔君_
1372,1 : 06 pm,春天在车厢里
1373,1 : 05 pm,无无
1374,1 : 05 pm,桦南
1375,1 : 05 pm,马孔多的夏
1376,1 : 05 pm,过了中二的年纪🐋
1377,1 : 05 pm,Stardust
1378,1 : 04 pm,春天在车厢里
1379,1 : 04 pm,桦南
1380,1 : 04 pm,春天在车厢里
1381,1 : 04 pm,桦南
1382,1 : 04 pm,如是我聞
1383,1 : 03 pm,愛吃華夫餅的熊
1384,1 : 03 pm,Paul smith
1385,1 : 02 pm,明天星期八
1386,1 : 02 pm,一粒✨
1387,1 : 01 pm,鸢
1388,1 : 00 pm,薯泥·
1389,1 : 00 pm,望舒
1390,12 : 59 p,☂☜
1391,12 : 59 p,对，是大爷！
1392,12 : 59 p,绿深山
1393,12 : 58 p,山月不知
1394,12 : 58 p,011217
1395,12 : 57 p,阿假♪
1396,12 : 56 p,李某某
1397,12 : 56 p,也子
1398,12 : 55 p,somebody
1399,12 : 55 p,你有巧克力吗
1400,12 : 55 p,somebody
1401,12 : 55 p,你有巧克力吗
1402,12 : 54 p,半半半半夏
1403,12 : 54 p,41
1404,12 : 53 p,许我向你看
1405,12 : 53 p,青离公子丶
1406,12 : 51 p,陈罐西
1407,12 : 51 p,M晚邮
1408,12 : 51 p,Haru
1409,12 : 50 p,旋转木马鏖战记
1410,12 : 50 p,hershey's
1411,12 : 50 p,狐狸阿北的酒馆
1412,12 : 50 p,一粒✨
1413,12 : 50 p,十四
1414,12 : 50 p,F.
1415,12 : 49 p,Rabbit cat
1416,12 : 49 p,木鱼
1417,12 : 48 p,♡ 喵
1418,12 : 48 p,✨祝小星
1419,12 : 47 p,Li
1420,12 : 47 p,Not FOUND
1421,12 : 47 p,丑丑
1422,12 : 47 p,.
1423,12 : 47 p,沙也加
1424,12 : 47 p,断句
1425,12 : 46 p,孤单心事
1426,12 : 46 p,麥子
1427,12 : 46 p,你咋不亲我
1428,12 : 45 p,.
1429,12 : 45 p,炸毛鱼的自我顺毛
1430,12 : 45 p,Oswald
1431,12 : 44 p,zombie
1432,12 : 44 p,梅子酒
1433,12 : 44 p,哇咔咔
1434,12 : 44 p,丑丑
1435,12 : 44 p,川那么川大川
1436,12 : 44 p,.
1437,12 : 43 p,明天会在明天到来
1438,12 : 43 p,小不点
1439,12 : 43 p,昝昝
1440,12 : 43 p,昝昝
1441,12 : 43 p,囧·啥也不知道
1442,12 : 43 p,石乐志
1443,12 : 43 p,公子小白。
1444,12 : 42 p,離所
1445,12 : 42 p,.
1446,2 : 42 pm,
1447,12 : 42 p,-门牙
1448,12 : 41 p,弥AA
1449,12 : 41 p,.
1450,12 : 41 p,公子小白。
1451,12 : 41 p,.
1452,2 : 40 pm,
1453,12 : 40 p,乔爷
1454,12 : 40 p,月光晒干眼泪
1455,12 : 39 p,peeech
1456,12 : 37 p,小法师特别甜💕
1457,12 : 37 p,三耳
1458,12 : 36 p,見兔顧犬@戟光
1459,12 : 36 p,变态萝莉
1460,12 : 36 p,变态萝莉
1461,12 : 36 p,老子才是真软妹
1462,12 : 36 p,11月的秋天
1463,12 : 35 p,̑̑ᗦ↞◃
1464,12 : 35 p,X
1465,12 : 35 p,立
1466,12 : 35 p,你有巧克力吗
1467,12 : 35 p,天天开心茉小胖
1468,12 : 34 p,一壶漂泊
1469,12 : 34 p,刺刺
1470,12 : 34 p,氯雷他定
1471,12 : 34 p,10月寒露
1472,12 : 34 p,香雪夜莺
1473,12 : 33 p,天天开心茉小胖
1474,12 : 33 p,TOORU。
1475,12 : 32 p,一夜落花无心
1476,12 : 32 p,夏洛克
1477,12 : 32 p,11月的秋天
1478,12 : 32 p,我亲爱的胆怯
1479,12 : 32 p,养鸡大户
1480,12 : 32 p,我亲爱的胆怯
1481,12 : 32 p,养鸡大户
1482,12 : 32 p,天天开心茉小胖
1483,12 : 32 p,速冻米奇
1484,12 : 31 p,天天开心茉小胖
1485,2 : 31 pm,
1486,12 : 30 p,庄土豆
1487,12 : 30 p,啊哦
1488,12 : 30 p,刺刺
1489,12 : 30 p,11月的秋天
1490,12 : 29 p,Pénombre
1491,12 : 29 p,011217
1492,12 : 29 p,11月的秋天
1493,12 : 29 p,五
1494,12 : 29 p,Déjà vu
1495,12 : 28 p,绝对不谈恋爱
1496,12 : 28 p,11月的秋天
1497,12 : 28 p,窑窑
1498,12 : 28 p,北方有大风
1499,12 : 28 p,風.
1500,12 : 28 p,風.
1501,12 : 27 p,🎈🎈🎈
1502,12 : 27 p,寻是李
1503,12 : 27 p,龙套
1504,12 : 26 p,見兔顧犬@戟光
1505,12 : 25 p,兔纸瞳瞳酱
1506,12 : 25 p,梦里奔跑
1507,12 : 25 p,13740、
1508,12 : 25 p,｀ط´
1509,12 : 24 p,11月的秋天
1510,12 : 24 p,一
1511,12 : 23 p,川那么川大川
1512,12 : 23 p,糖分
1513,12 : 22 p,酸砂雪糕
1514,12 : 22 p,速冻米奇
1515,12 : 22 p,Allison
1516,12 : 22 p,見兔顧犬@戟光
1517,12 : 21 p,四十四次日落。
1518,12 : 21 p,似然
1519,12 : 20 p,Orange.He
1520,12 : 20 p,Orange.He
1521,12 : 20 p,绝渡逢舟
1522,12 : 19 p,罅隙
1523,12 : 19 p,榮先森💨
1524,12 : 18 p,是小辣椒ya
1525,12 : 18 p,啊哦
1526,12 : 18 p,布吉岛
1527,12 : 18 p,。
1528,12 : 18 p,見兔顧犬@戟光
1529,12 : 17 p,Ffgstdfvvh
1530,12 : 17 p,77木有昵称
1531,12 : 17 p,乳酸菌
1532,12 : 16 p,一条风🍖
1533,12 : 16 p,M晚邮
1534,12 : 16 p,Neverland.
1535,12 : 15 p,Crush
1536,12 : 13 p,鹤西
1537,12 : 12 p,void
1538,12 : 12 p,be
1539,12 : 12 p,神的孩子都在做梦
1540,12 : 12 p,神的孩子都在做梦
1541,12 : 12 p,过儿
1542,12 : 12 p,.
1543,12 : 11 p,赤橘
1544,12 : 11 p,不枉
1545,12 : 11 p,在东北玩泥巴
1546,12 : 11 p,孔大齐
1547,12 : 11 p,传教士桂花糕
1548,12 : 10 p,Medelza
1549,12 : 09 p,OnI。
1550,12 : 09 p,孔大齐
1551,12 : 09 p,.
1552,12 : 09 p,Drella.
1553,12 : 09 p,布吉岛
1554,12 : 08 p,两座火山
1555,12 : 08 p,两个你
1556,12 : 07 p,莫名
1557,12 : 07 p,戾
1558,12 : 07 p,别来无恙
1559,12 : 07 p,王大波
1560,12 : 07 p,王大波
1561,12 : 05 p,一个人
1562,12 : 05 p,请叫我小太阳呀
1563,12 : 05 p,别来无恙
1564,12 : 05 p,✨祝小星
1565,12 : 04 p,南衣
1566,12 : 04 p,leg
1567,12 : 03 p,zombie
1568,12 : 03 p,Allison
1569,12 : 03 p,追柳
1570,12 : 03 p,你的未亡人
1571,12 : 02 p,是枝裕和令我昏昏欲睡
1572,12 : 02 p,游典恬
1573,12 : 02 p,爱哈夫土狗
1574,12 : 01 p,白哲
1575,12 : 01 p,四十四次日落。
1576,12 : 01 p,陈清扬没钱花
1577,12 : 00 p,易知难
1578,12 : 00 p,我有我心爱的酒啦
1579,12 : 00 p,限制级高清在线观看
1580,12 : 00 p,zombie
1581,12 : 00 p,🌵多肉
1582,11 : 59 a,A-xing
1583,11 : 59 a,bless 清儿
1584,11 : 59 a,无名未生
1585,11 : 58 a,哲学家E
1586,11 : 58 a,安筱儿。
1587,11 : 58 a,多喝开水
1588,11 : 56 a,Murloc
1589,11 : 56 a,猫罐头
1590,11 : 56 a,dokidoki
1591,11 : 55 a,蔚仔
1592,11 : 55 a,奸诈的小老狐狸
1593,11 : 54 a,安筱儿。
1594,11 : 53 a,两座火山
1595,11 : 53 a,abc
1596,11 : 53 a,鸵鸟
1597,11 : 52 a,庄土豆
1598,11 : 51 a,金礼物内购呀
1599,11 : 51 a,买早晨的人
1600,11 : 51 a,我先生是jay
1601,11 : 51 a,你的大好时光
1602,11 : 51 a,鹤西
1603,11 : 50 a,芒果可爱多
1604,11 : 50 a,leahy
1605,11 : 50 a,赤橘
1606,11 : 50 a,两座火山
1607,11 : 50 a,chingyan
1608,11 : 50 a,七
1609,11 : 49 a,五竹
1610,11 : 49 a,一粒✨
1611,11 : 49 a,Eedder
1612,11 : 48 a,Frankie
1613,11 : 48 a,韭菜猪肉
1614,11 : 48 a,两座火山
1615,11 : 48 a,你的大好时光
1616,11 : 47 a,偷偷的不要发现我
1617,11 : 47 a,乳糖
1618,11 : 46 a,未名君
1619,11 : 45 a,11月的秋天
1620,11 : 45 a,11月的秋天
1621,11 : 45 a,阿浅
1622,11 : 45 a,奶璇儿~
1623,11 : 44 a,限制级高清在线观看
1624,11 : 44 a,是鱼
1625,11 : 43 a,早安
1626,11 : 43 a,summerstar
1627,11 : 43 a,中东石油大亨
1628,11 : 43 a,caramel
1629,11 : 43 a,等風的敏儿
1630,11 : 43 a,瘢痕體質
1631,11 : 43 a,杋*M🌟
1632,11 : 41 a,夏洛克
1633,11 : 41 a,覃老师
1634,11 : 40 a,啧
1635,11 : 39 a,布吉岛
1636,11 : 39 a,爱与自由
1637,11 : 38 a,虫子
1638,11 : 38 a,shalalala
1639,11 : 37 a,巴拉巴拉小少妇
1640,11 : 38 a,shalalala
1641,11 : 37 a,巴拉巴拉小少妇
1642,11 : 37 a,绝渡逢舟
1643,11 : 37 a,斯为泰山而不骄。
1644,11 : 37 a,卜卜脆
1645,11 : 37 a,彩虹金刚
1646,11 : 36 a,I
1647,11 : 36 a,一尾蓝
1648,11 : 36 a,孤独的海怪
1649,11 : 36 a,布吉岛
1650,11 : 36 a,Daddy Tree
1651,11 : 35 a,鲜烤小咸鱼
1652,11 : 35 a,✨祝小星
1653,11 : 34 a,🌟
1654,11 : 34 a,leg
1655,11 : 34 a,🌙秋月白
1656,11 : 33 a,A-xing
1657,11 : 33 a,呆瓜~
1658,11 : 32 a,时过境迁之后。
1659,11 : 32 a,肆意的懒季风
1660,11 : 33 a,A-xing
1661,11 : 33 a,呆瓜~
1662,11 : 32 a,时过境迁之后。
1663,11 : 32 a,肆意的懒季风
1664,11 : 32 a,明天星期八
1665,11 : 30 a,黄小蒙
1666,11 : 30 a,速冻米奇
1667,11 : 30 a,夏衍
1668,11 : 30 a,Iris
1669,11 : 30 a,！！！
1670,11 : 29 a,阿来与姜丝儿
1671,11 : 29 a,月光晒干眼泪
1672,1 : 28 am,
1673,11 : 28 a,.
1674,1 : 28 am,
1675,11 : 27 a,甜啾啾
1676,11 : 27 a,皮包骨
1677,11 : 27 a,同学少年都不见
1678,11 : 27 a,Frankie
1679,11 : 27 a,猎喜
1680,11 : 27 a,猎喜
1681,11 : 27 a,.
1682,11 : 27 a,攻橙
1683,11 : 26 a,寸铁
1684,11 : 26 a,限制级高清在线观看
1685,11 : 26 a,BlackPink
1686,11 : 26 a,被恐龙吃了
1687,11 : 26 a,whisper
1688,11 : 25 a,.
1689,11 : 25 a,限制级高清在线观看
1690,11 : 24 a,未来还未来
1691,11 : 24 a,维尼
1692,11 : 24 a,废橙
1693,11 : 23 a,你叫我什么
1694,11 : 23 a,肚Sir
1695,11 : 23 a,犬系猫本人
1696,11 : 23 a,万事如意
1697,11 : 22 a,被恐龙吃了
1698,11 : 22 a,恍然如风
1699,11 : 20 a,未来还未来
1700,11 : 20 a,未来还未来
1701,11 : 19 a,safre14
1702,11 : 19 a,寸铁
1703,11 : 19 a,♡ 喵
1704,11 : 19 a,fxzzzz
1705,11 : 19 a,safre14
1706,11 : 19 a,被恐龙吃了
1707,11 : 18 a,猫罐头
1708,11 : 18 a,Hassaku
1709,11 : 18 a,菟丝子
1710,11 : 18 a,大乔
1711,11 : 17 a,水
1712,11 : 17 a,吃不胖的瘦子
1713,11 : 17 a,LauLukSin
1714,11 : 16 a,账号一
1715,11 : 15 a,失血过多的FAN
1716,11 : 15 a,南瓜
1717,11 : 14 a,十一
1718,11 : 14 a,♞ 我想静静 .
1719,11 : 14 a,我要换个名字
1720,11 : 14 a,♞ 我想静静 .
1721,11 : 14 a,我要换个名字
1722,11 : 13 a,或许是吧
1723,11 : 13 a,陈见夏
1724,11 : 13 a,十八
1725,11 : 13 a,阿狗
1726,11 : 13 a,账号一
1727,11 : 12 a,WayneYeo
1728,11 : 12 a,凛冽
1729,11 : 12 a,啤酒红烧肉
1730,11 : 12 a,一切终将过去
1731,11 : 11 a,🐰
1732,11 : 11 a,向左向右
1733,11 : 09 a,Promise
1734,11 : 09 a,is 晨姨 呀
1735,11 : 09 a,等不到森林
1736,11 : 08 a,在东北玩泥巴
1737,11 : 08 a,金礼物内购呀
1738,11 : 07 a,命河则潺生
1739,11 : 07 a,void
1740,11 : 07 a,f(x)
1741,11 : 07 a,匪妞
1742,11 : 07 a,YUKI
1743,11 : 06 a,YU.A
1744,11 : 06 a,奕奕
1745,11 : 05 a,王子慕
1746,11 : 05 a,鱼抽
1747,11 : 05 a,泱泱
1748,11 : 05 a,小嘎豆
1749,11 : 05 a,一场风来
1750,11 : 04 a,星移
1751,11 : 04 a,Multiverse
1752,11 : 04 a,陈见夏
1753,11 : 03 a,哭泣的麦子
1754,11 : 03 a,清水
1755,11 : 03 a,苹果味soju
1756,11 : 03 a,刘大仙算钱不要命。
1757,11 : 02 a,瘢痕體質
1758,11 : 02 a,爱吃土豆的老虎
1759,11 : 02 a,深海
1760,11 : 02 a,深海
1761,11 : 01 a,天天开心茉小胖
1762,11 : 01 a,lomo
1763,11 : 01 a,里向日记
1764,11 : 00 a,莫辞
1765,11 : 00 a,2018搜索
1766,11 : 00 a,溺水
1767,10 : 59 a,瑾瑜
1768,10 : 58 a,呼吸秋千
1769,10 : 57 a,烟没了味
1770,10 : 56 a,酱噗
1771,10 : 56 a,婠婠
1772,10 : 55 a,我想养只猫
1773,10 : 54 a,啾啾啾
1774,10 : 54 a,miu
1775,10 : 53 a,莫名
1776,10 : 52 a,爱咋咋地
1777,10 : 52 a,✨祝小星
1778,10 : 52 a,等風的敏儿
1779,10 : 52 a,爱咋咋地
1780,10 : 51 a,宋宋
1781,10 : 51 a,遇见、
1782,10 : 50 a,我是优优酱
1783,10 : 50 a,我要换个名字
1784,10 : 50 a,海里的鱼
1785,10 : 49 a,🎈🎈🎈
1786,10 : 48 a,不能叫这个名字了
1787,10 : 48 a,我老公是游戏狂魔
1788,10 : 48 a,Puss&Boots
1789,10 : 48 a,川那么川大川
1790,10 : 48 a,黒碳
1791,10 : 47 a,明天星期八
1792,10 : 47 a,毛茸茸根本抵抗不了
1793,10 : 46 a,苏阿洛
1794,10 : 46 a,sarah
1795,10 : 46 a,曹買買
1796,10 : 45 a,我不染
1797,10 : 45 a,禾鹿
1798,10 : 44 a,浮云羞蔽月
1799,10 : 43 a,那个穿着背心的小男生
1800,10 : 43 a,那个穿着背心的小男生
1801,10 : 43 a,被恐龙吃了
1802,10 : 43 a,拼命姑娘
1803,10 : 43 a,哭泣的麦子
1804,10 : 43 a,无无
1805,10 : 42 a,乌云乌云快走开
1806,10 : 41 a,10月寒露
1807,10 : 41 a,是小辣椒ya
1808,10 : 41 a,Lolita
1809,10 : 41 a,এΜimosa.花✺
1810,10 : 40 a,囧囧珩 。卷卷哒
1811,10 : 40 a,鱼肉
1812,10 : 40 a,三二四
1813,10 : 39 a,杋*M🌟
1814,10 : 38 a,绝体绝命
1815,10 : 38 a,限制级高清在线观看
1816,10 : 38 a,13740、
1817,10 : 37 a,述笙
1818,10 : 37 a,茶茶ちゃん
1819,10 : 37 a,废肥费要改变
1820,10 : 37 a,废肥费要改变
1821,10 : 36 a,解放的鸣鸟
1822,10 : 36 a,梼杌
1823,10 : 36 a,冬树
1824,10 : 34 a,2018搜索
1825,10 : 34 a,川上富江
1826,10 : 33 a,多喝开水
1827,10 : 33 a,爱哈夫土狗
1828,10 : 33 a,Karen.
1829,10 : 32 a,苏未
1830,10 : 30 a,葡萄pie
1831,10 : 30 a,一颗山楂 ࿐
1832,10 : 30 a,流光
1833,10 : 30 a,小小莜
1834,10 : 30 a,烟没了味
1835,10 : 30 a,Sydney
1836,10 : 29 a,饭团
1837,10 : 28 a,Froyeol
1838,10 : 28 a,｀ط´
1839,10 : 27 a,楊_雨涵
1840,10 : 27 a,蠢仔
1841,10 : 27 a,迷路的阿萌
1842,10 : 26 a,thecoolest
1843,10 : 26 a,啊…
1844,10 : 26 a,捉鱼
1845,10 : 25 a,王点点
1846,10 : 25 a,祐一夫人
1847,10 : 25 a,｀ط´
1848,10 : 25 a,Tiya
1849,10 : 25 a,小桃酥
1850,10 : 25 a,张火火
1851,0 : 23 am,
1852,10 : 23 a,清逸
1853, 10 : 23 ,氧
1854,10 : 22 a,一丿
1855,10 : 22 a,cardy_荻
1856,10 : 22 a,时过境迁之后。
1857,10 : 22 a,你要快乐
1858,10 : 22 a,挑食的瘦子
1859,10 : 21 a,蓁猪
1860,10 : 21 a,蓁猪
1861,10 : 21 a,薄荷威士忌巧克力
1862,10 : 20 a,川那么川大川
1863,10 : 20 a,free_
1864,10 : 19 a,2018搜索
1865,10 : 18 a,bless 清儿
1866,10 : 18 a,2018搜索
1867,10 : 18 a,我鱼的鱼肚没有了
1868,10 : 18 a,爱学习的萝卜
1869,10 : 17 a,昏昏✨
1870,10 : 17 a,Cony
1871,10 : 17 a,chingyan
1872,10 : 17 a,三七
1873,10 : 17 a,中二酢漿
1874,10 : 17 a,2018搜索
1875,10 : 15 a,恐恐。
1876,10 : 15 a,非著名垃圾人
1877,10 : 15 a,沙也加
1878,10 : 15 a,理想国的汪
1879,10 : 14 a,夏夜飞行棋
1880,10 : 14 a,̑̑ᗦ↞◃
1881,10 : 14 a,✨祝小星
1882,10 : 13 a,jiayyy
1883,10 : 13 a,Nowhere
1884,10 : 13 a,caramel
1885,10 : 12 a,馒头树。
1886,10 : 11 a,Let down
1887,10 : 10 a,Ｃheryl ﹌可
1888,10 : 10 a,锦书
1889,10 : 10 a,雾岛。
1890,10 : 09 a,.
1891,10 : 09 a,小脑斧🐯
1892,10 : 08 a,estivate
1893,10 : 08 a,芒刺在背
1894,10 : 08 a,背叛也需要勇气
1895,10 : 08 a,山有木兮木有枝
1896,10 : 07 a,安之若素ه
1897,10 : 07 a,十雾九晴。
1898,10 : 07 a,李某某
1899,10 : 06 a,白桃汽水
1900,10 : 06 a,白桃汽水
1901,10 : 06 a,布丁儿
1902,10 : 06 a,0kieM
1903,10 : 05 a,苏离大大
1904,10 : 05 a,T仍早春
1905,10 : 05 a,🦄追求深度和力度的诺
1906,10 : 05 a,鹤西
1907,10 : 04 a,不给糖
1908,10 : 04 a,明明酱
1909,10 : 04 a,Medelza
1910,10 : 01 a,阿咩姑娘。
1911,10 : 01 a,merryxbox
1912,10 : 00 a,♥ 蒐伊。
1913,10 : 00 a,Multiverse
1914,9 : 59 am,争渡
1915,9 : 59 am,白哲
1916,9 : 59 am,限制级高清在线观看
1917,9 : 59 am,彩虹丢人
1918,9 : 58 am,plutone
1919,9 : 58 am,没什么大不了
1920,9 : 58 am,没什么大不了
1921,9 : 58 am,Aurora🌊
1922,9 : 58 am,Neo
1923,9 : 57 am,我欲成仙快乐齐天
1924,9 : 57 am,废肥费要改变
1925,9 : 57 am,十二点之前睡觉
1926,9 : 57 am,哔了狗捡回来的公主
1927,9 : 57 am,Nowhere
1928,9 : 55 am,废肥费要改变
1929,9 : 55 am,＜／＞
1930,9 : 55 am,ぶどう
1931,9 : 54 am,Begin
1932,9 : 54 am,有秘密的兔先生
1933,9 : 53 am,胖兔被桃矢哥喂胖的
1934,9 : 53 am,😘
1935,9 : 53 am,ོ
1936,9 : 52 am,沒關係小姐
1937,9 : 52 am,南衣
1938,9 : 52 am,ོ
1939,9 : 52 am,哎呦喂
1940,9 : 52 am,ོ
1941,9 : 52 am,哎呦喂
1942,9 : 52 am,Granger
1943,9 : 52 am,中二酢漿
1944,9 : 51 am,方圆.
1945,9 : 51 am,ハチミツ
1946,9 : 51 am,Vanilloco。
1947,9 : 51 am,Déjà vu
1948,9 : 50 am,元气满满
1949,9 : 49 am,我又辞职了！
1950,9 : 49 am,ぶどう
1951,9 : 49 am,小凳子。
1952,9 : 49 am,阿部
1953, : 49 am ,
1954,9 : 46 am,🎈🎈🎈
1955,9 : 46 am,妄想症
1956,9 : 46 am,鬼小胆
1957,9 : 46 am,顾方旭
1958,9 : 45 am,街上看太阳吧
1959,9 : 45 am,dokidoki
1960,9 : 45 am,**の猪
1961,9 : 44 am,hedgehog
1962,9 : 44 am,时过境迁之后。
1963,9 : 44 am,哔了狗捡回来的公主
1964,9 : 42 am,--
1965,9 : 42 am,櫻田小梅
1966,9 : 41 am,鹿死玫瑰海
1967,9 : 41 am,喵喵
1968,9 : 41 am,鹤西
1969,9 : 40 am,夏末
1970,9 : 40 am,铅笔君_
1971,9 : 40 am,forehead
1972,9 : 39 am,L.Y.F
1973,9 : 38 am,whisper
1974,9 : 38 am,哔了狗捡回来的公主
1975,9 : 38 am,大傻
1976,9 : 37 am,卫尘年
1977,9 : 37 am,10月寒露
1978,9 : 37 am,山有木兮木有枝
1979,9 : 37 am,自强瘦到120！
1980,9 : 37 am,自强瘦到120！
1981,9 : 36 am,Khoo
1982,9 : 36 am,一日则旧
1983,9 : 35 am,安之若素ه
1984,9 : 35 am,孤单心事
1985,9 : 35 am,律笺文
1986,9 : 35 am,阿咩姑娘。
1987,9 : 34 am,维尼
1988,9 : 33 am,mika
1989,9 : 33 am,lucky
1990,9 : 32 am,争渡
1991,9 : 32 am,明天星期八
1992,9 : 32 am,一颗爱吃糖的柠檬
1993,9 : 32 am,花菜姑娘
1994,9 : 32 am,10月寒露
1995,9 : 31 am,我鱼的鱼肚没有了
1996,9 : 31 am,joeer
1997, : 31 am ,
1998,9 : 31 am,阿咩姑娘。
1999,9 : 31 am,不死鸟乐队
2000,9 : 31 am,阿咩姑娘。
2001,9 : 31 am,不死鸟乐队
2002,9 : 30 am,10月寒露
2003,9 : 30 am,😘
2004,9 : 30 am,是小辣椒ya
2005,9 : 30 am,陈清扬没钱花
2006,9 : 28 am,改个名字你就认不出我
2007,9 : 28 am,我执
2008,9 : 28 am,缘起
2009,9 : 27 am,😘
2010,9 : 26 am,小电扇
2011,9 : 26 am,娇妹
2012,9 : 26 am,陈罐西
2013,9 : 26 am,植树淡季
2014,9 : 26 am,少女哪吒
2015,9 : 25 am,一只皮
2016,9 : 25 am,"不,曾."
2017,9 : 25 am,努力前行的云
2018,9 : 24 am,抱柱
2019,9 : 23 am,陈罐西
2020,9 : 25 am,努力前行的云
2021,9 : 24 am,抱柱
2022,9 : 23 am,陈罐西
2023,9 : 23 am,不能叫这个名字了
2024,9 : 23 am,皮皮露达
2025,9 : 22 am,账号一
2026,9 : 22 am,植树淡季
2027,9 : 22 am,熊猫公子
2028,9 : 21 am,明天星期八
2029,9 : 21 am,惊蛰
2030,9 : 20 am,Since...
2031,9 : 20 am,爱吃土豆的老虎
2032,9 : 20 am,PI
2033,9 : 20 am,月光晒干眼泪
2034,9 : 20 am,G
2035,9 : 19 am,鹿死玫瑰海
2036,9 : 19 am,一土册
2037,9 : 19 am,木棉刺角
2038,9 : 19 am,一土册
2039,9 : 19 am,＜／＞
2040,9 : 19 am,＜／＞
2041,9 : 19 am,毛茸茸根本抵抗不了
2042,9 : 18 am,一土册
2043,9 : 18 am,陈情旧事云烟过
2044,9 : 18 am,失散
2045,9 : 18 am,鸡屁股
2046,9 : 17 am,BM_Fan
2047,9 : 17 am,🎈🎈🎈
2048,9 : 17 am,惊蛰
2049,9 : 17 am,是你让我想变得更好
2050,9 : 16 am,烟没了味
2051,9 : 15 am,别关注我
2052,9 : 15 am,天生废材。
2053,9 : 15 am,🐘项豆豆
2054,9 : 15 am,王点点
2055,9 : 14 am,渡桥泰水
2056,9 : 14 am,はつめう
2057,9 : 13 am,"不,曾."
2058,9 : 13 am,小姑娘
2059,9 : 12 am,鱼
2060,9 : 13 am,小姑娘
2061,9 : 12 am,鱼
2062,9 : 12 am,陈罐西
2063,9 : 11 am,.
2064,9 : 11 am,阿隐☂
2065,9 : 10 am,跳格子
2066,9 : 09 am,烟没了味
2067,9 : 09 am,Eedder
2068,9 : 09 am,啾啾啾
2069,9 : 09 am,一场风来
2070,9 : 09 am,植树淡季
2071,9 : 08 am,carpe diem
2072,9 : 08 am,ʚ小公举ɞ
2073,9 : 07 am,月又西_
2074,9 : 07 am,一日则旧
2075,9 : 07 am,思特里克兰德
2076,9 : 07 am,饭饭
2077,9 : 06 am,昝昝
2078,9 : 06 am,堂
2079,9 : 05 am,MADAO
2080,9 : 05 am,纽约警察与甜甜圈
2081,9 : 05 am,星辰
2082,9 : 05 am,Orange.He
2083,9 : 04 am,迷路的阿萌
2084,9 : 04 am,妮可妮可妮
2085,9 : 04 am,jiayyy
2086,9 : 03 am,索隆可爱的媳妇
2087,9 : 03 am,秋舒影
2088,9 : 02 am,岫烟
2089,9 : 01 am,京城小法师
2090,9 : 01 am,見兔顧犬@戟光
2091,9 : 00 am,Shooyu
2092, : 00 am ,
2093,9 : 00 am,岫烟
2094,8 : 59 am,有有有
2095,8 : 59 am,岫烟
2096,8 : 59 am,后来
2097,8 : 58 am,梦十八
2098,8 : 58 am,淌脑袋水儿
2099,8 : 57 am,Huijun
2100,8 : 57 am,Huijun
2101,8 : 57 am,难养的猫
2102,8 : 57 am,你是人间四月天
2103,8 : 57 am,🌿
2104,8 : 56 am,萝卜
2105,8 : 56 am,小夏天
2106,8 : 55 am,Crush
2107,8 : 55 am,f(x)
2108,8 : 55 am,Luno
2109,8 : 54 am,倾小尘
2110,8 : 54 am,无声告白
2111,8 : 53 am,不能叫这个名字了
2112,8 : 53 am,阿窈。
2113,8 : 53 am,Calvados
2114,8 : 52 am,void
2115,8 : 52 am,不能叫这个名字了
2116,8 : 52 am,kokomi
2117,8 : 51 am,夏夜飞行棋
2118,8 : 50 am,阿窈。
2119,8 : 50 am,风铃
2120,8 : 50 am,阿窈。
2121,8 : 50 am,风铃
2122,8 : 50 am,予默°
2123,8 : 49 am,研雅
2124,8 : 49 am,缘起
2125,8 : 48 am,merci
2126,8 : 48 am,MG★刻痕
2127,8 : 48 am,伊瓜苏
2128,8 : 48 am,-握桭
2129,8 : 47 am,Murloc
2130,8 : 47 am,11月前空白
2131,8 : 47 am,没什么大不了
2132,8 : 46 am,wenwen雨纱蝶
2133,8 : 46 am,Alexander
2134,8 : 45 am,乔安果果
2135,8 : 45 am,故事里的大黄花
2136,8 : 45 am,Coco夏s
2137,8 : 44 am,彼岸
2138,8 : 44 am,Q
2139,8 : 44 am,I
2140,8 : 44 am,I
2141,8 : 43 am,少工作多休息
2142,8 : 43 am,鬼小胆
2143,8 : 43 am,葡萄pie
2144,8 : 43 am,我想养只猫
2145,8 : 43 am,Lolita
2146,8 : 42 am,淌脑袋水儿
2147,8 : 42 am,明天会在明天到来
2148,8 : 41 am,马孔多的夏
2149,8 : 40 am,ENN.
2150,8 : 40 am,凯文
2151,8 : 40 am,N-XINer
2152,8 : 40 am,SoC
2153,8 : 40 am,北辰
2154,8 : 39 am,绘
2155,8 : 39 am,杪杪
2156,8 : 39 am,化身孤岛的鲸。
2157,8 : 39 am,十九
2158,8 : 39 am,安之若素ه
2159,8 : 39 am,Cancer
2160,8 : 39 am,Cancer
2161,8 : 38 am,吃掉萌萌
2162,8 : 37 am,-
2163,8 : 36 am,Cancer
2164,8 : 35 am,啊…
2165,8 : 35 am,岛 -
2166,8 : 35 am,T仍早春
2167,8 : 35 am,卡农
2168,8 : 35 am,无声告白
2169,8 : 33 am,多财
2170,8 : 33 am,、George
2171,8 : 33 am,zyzyzye
2172,8 : 33 am,鬼小胆
2173,8 : 33 am,冬天去看海
2174,8 : 33 am,卜卜脆
2175,8 : 33 am,Jessie
2176,8 : 32 am,诺晓菲
2177,8 : 32 am,维尼
2178,8 : 31 am,。
2179,8 : 31 am,煮碗面给你吃
2180,8 : 31 am,派大馨
2181,8 : 31 am,毛茸茸根本抵抗不了
2182,8 : 31 am,瑾瑜
2183,8 : 31 am,｀ط´
2184,8 : 30 am,Mr.Teddy
2185,8 : 30 am,非著名垃圾人
2186,8 : 29 am,皮包骨
2187,8 : 29 am,绘
2188,8 : 29 am,谢二十三
2189,8 : 28 am,Chico
2190,8 : 27 am,五更龙宝宝
2191,8 : 27 am,洛水。。。
2192,8 : 27 am,Yukiho_
2193,8 : 27 am,喵毋君
2194,8 : 27 am,amm
2195,8 : 26 am,jiayyy
2196,8 : 26 am,无声告白
2197,8 : 26 am,陌生人
2198,8 : 25 am,传教士桂花糕
2199,8 : 25 am,鸭鸭
2200,8 : 25 am,鸭鸭
2201,8 : 24 am,啊会@dog
2202,8 : 24 am,从此最
2203,8 : 24 am,B612号小行星
2204,8 : 23 am,格老子的
2205,8 : 23 am,祐一夫人
2206,8 : 22 am,金礼物内购呀
2207,8 : 22 am,研雅
2208,8 : 21 am,屋顶上的猫
2209,8 : 21 am,猫罐头
2210,8 : 20 am,五一
2211,8 : 19 am,🍒
2212,8 : 18 am,浅夏梦呓微凉
2213,8 : 18 am,fuafua
2214,8 : 18 am,拼命姑娘
2215,8 : 18 am,帅比陈
2216,8 : 17 am,蛰伏
2217,8 : 17 am,者行孙
2218,8 : 16 am,三
2219,8 : 16 am,岛 -
2220,8 : 16 am,岛 -
2221,8 : 15 am,🐟
2222,8 : 15 am,绘
2223,8 : 15 am,暖暖
2224,8 : 15 am,ʚ小尘埃ɞ
2225,8 : 15 am,夏衍
2226,8 : 15 am,xiaoxiao
2227,8 : 15 am,xiaoxiao
2228,8 : 14 am,乔治
2229,8 : 13 am,喵撇撇
2230,8 : 13 am,lfwtrmn
2231,8 : 13 am,ly
2232,8 : 13 am,白粥一碗
2233,8 : 13 am,V
2234,8 : 13 am,翮安
2235,8 : 13 am,never
2236,8 : 12 am,继夜
2237,8 : 11 am,眼看尽醉人
2238,8 : 11 am,明天星期八
2239,8 : 11 am,乔安果果
2240,8 : 11 am,ly
2241,8 : 11 am,Mrs.Yhc
2242,8 : 09 am,你谁啊你
2243,8 : 09 am,清和
2244,8 : 09 am,秋冻
2245,8 : 09 am,菟丝子
2246,8 : 09 am,捉鱼
2247,8 : 09 am,是小懂事耶~
2248,8 : 08 am,張殿
2249,8 : 08 am,开不了口的花蛤同学
2250,8 : 08 am,中二酢漿
2251,8 : 06 am,全幼儿园最可爱
2252,8 : 06 am,八木青
2253,8 : 06 am,不爱了 走了
2254,8 : 06 am,清水
2255,8 : 06 am,唐海豚
2256,8 : 05 am,是Bubble耶
2257,8 : 05 am,不爱了 走了
2258,8 : 04 am,🖖
2259,8 : 04 am,生活不易
2260,8 : 04 am,生活不易
2261,8 : 04 am,Promise
2262,8 : 04 am,多喝开水
2263,8 : 04 am,做一个很nice的人
2264,8 : 04 am,缘起
2265,8 : 03 am,不爱了 走了
2266,8 : 03 am,双树
2267,8 : 03 am,棒！
2268,8 : 03 am,是Bubble耶
2269,8 : 03 am,天天开心茉小胖
2270,8 : 03 am,恶毒的女屌丝
2271,8 : 02 am,缘起
2272,8 : 01 am,葭翙
2273,8 : 01 am,弥弥
2274,8 : 01 am,徽音
2275,8 : 00 am,思之
2276,8 : 00 am,✨祝小星
2277,7 : 58 am,_Canary
2278,7 : 58 am,非著名垃圾人
2279,7 : 57 am,Calvados
2280,7 : 57 am,陌生人
2281,7 : 57 am,不开花的仙人掌。
2282,7 : 56 am,失散
2283,7 : 56 am,葭翙
2284,7 : 56 am,你有巧克力吗
2285,7 : 56 am,边一个发明了返工
2286, 7 : 56 a,氧
2287,7 : 55 am,不爱了 走了
2288,7 : 55 am,兔梓修
2289,7 : 53 am,阿隐☂
2290,7 : 53 am,Cancer
2291,7 : 53 am,、George
2292,7 : 52 am,Simroe
2293,7 : 52 am,五更龙宝宝
2294,7 : 52 am,乔一帆de男人
2295,7 : 52 am,虞晓
2296,7 : 52 am,_Canary
2297,7 : 52 am,Adaimu
2298,7 : 52 am,清水
2299,7 : 51 am,王大波
2300,7 : 51 am,王大波
2301,7 : 50 am,Daisy
2302,7 : 50 am,圈酱
2303,7 : 50 am,两座火山
2304,7 : 50 am,Simroe
2305,7 : 50 am,狗蛋君✿
2306,7 : 49 am,6ccc
2307,7 : 49 am,米酱
2308,7 : 49 am,summer's✉
2309,7 : 49 am,一只小柚子就是我
2310,7 : 47 am,维尼
2311,7 : 47 am,cardy_荻
2312,7 : 47 am,。
2313,7 : 46 am,21
2314,7 : 45 am,缘起
2315,7 : 44 am,绿深山
2316,7 : 44 am,苏离大大
2317,7 : 43 am,恶魔🍉
2318,7 : 42 am,✨祝小星
2319,7 : 41 am,Time Pill
2320,7 : 41 am,绿绿
2321,7 : 40 am,安心努力吧🌸
2322,7 : 40 am,穹顶之下腰缠万贯
2323,7 : 40 am,绿绿
2324,7 : 38 am,21
2325,7 : 38 am,明天星期八
2326,7 : 38 am,安心努力吧🌸
2327,7 : 37 am,不说谎的小猴子
2328,7 : 37 am,恶魔🍉
2329,7 : 37 am,小姑娘
2330,7 : 36 am,瑜伽猫猫
2331,7 : 36 am,莫辞
2332,7 : 35 am,empty
2333,7 : 35 am,🍒
2334,7 : 35 am,饭团
2335,7 : 34 am,日一
2336,7 : 34 am,雪中有泪滴滴寒
2337,7 : 33 am,时过境迁之后。
2338,7 : 33 am,L.Y.F
2339,7 : 33 am,try
2340,7 : 33 am,一二三，木头人。
2341,7 : 32 am,大吉
2342,7 : 32 am,或许是橘了-
2343,7 : 31 am,Déjà vu
2344,7 : 31 am,独文者
2345,7 : 31 am,姚淼
2346,7 : 30 am,两座火山
2347,7 : 29 am,《山与海》 的经
2348,7 : 27 am,双树
2349,7 : 27 am,多喝开水
2350,7 : 26 am,陈清扬没钱花
2351,7 : 26 am,绿深山
2352,7 : 26 am,恶意软件
2353,7 : 25 am,一叶扁舟
2354,7 : 25 am,Lokika的河。
2355,7 : 24 am,多喝开水
2356,7 : 24 am,uhpiiey
2357,7 : 24 am,PMX-L2-40
2358,7 : 23 am,奶黄包🥨
2359,7 : 21 am,传教士桂花糕
2360,7 : 21 am,小凳子。
2361,7 : 20 am,失散
2362,7 : 20 am,账号一
2363,7 : 19 am,-握桭
2364,7 : 19 am,失散
2365,7 : 18 am,安筱儿。
2366,7 : 18 am,失散
2367,7 : 17 am,梓郁-
2368,7 : 17 am,中东石油大亨
2369,7 : 17 am,大米
2370,7 : 14 am,Mg
2371,7 : 14 am,不给糖
2372,7 : 14 am,这里有个小秘密
2373,7 : 13 am,酷奶奶
2374,7 : 13 am,💊🔞
2375,7 : 12 am,多喝开水
2376,7 : 09 am,善德
2377,7 : 09 am,今天
2378,7 : 09 am,草莽小钻风
2379,7 : 07 am,Cutie-Pie
2380,7 : 07 am,Cutie-Pie
2381,7 : 07 am,养乐多
2382,7 : 07 am,乔伊
2383,7 : 06 am,闪闪发亮的神经病
2384,7 : 06 am,一颗爱吃糖的柠檬
2385,7 : 06 am,啊哦
2386,7 : 05 am,我好像喜欢修马桶
2387,7 : 05 am,Key
2388,7 : 05 am,chingyan
2389,7 : 05 am,一颗爱吃糖的柠檬
2390,7 : 04 am,你有巧克力吗
2391,7 : 04 am,闪闪发亮的神经病
2392,7 : 04 am,Demo
2393,7 : 04 am,胡桃瓜子
2394,7 : 03 am,一条风🍖
2395,7 : 02 am,♡
2396,7 : 01 am,蛋黄酱味谢顶肥宅
2397,7 : 01 am,特别鸣谢才华有限公司
2398,7 : 01 am,Jacky
2399,7 : 01 am,Alexander
2400,7 : 01 am,昝昝
2401,7 : 01 am,21
2402,7 : 00 am,chingyan
2403,6 : 58 am,禾鹿
2404,6 : 57 am,思之
2405,6 : 56 am,我们还年轻
2406,6 : 55 am,兔子什么都知道
2407,6 : 54 am,绿绿
2408,6 : 54 am,朴蔚
2409,6 : 54 am,我又辞职了！
2410,6 : 54 am,fieldfield
2411,6 : 53 am,番茄沙司
2412,6 : 53 am,ʚ蜻蜓ɞ
2413,6 : 52 am,一二三，木头人。
2414,6 : 51 am,萝卜
2415,6 : 51 am,哼哼骨碌
2416,6 : 50 am,鲤江
2417,6 : 49 am,方圆.
2418,6 : 49 am,放风筝的人
2419,6 : 45 am,CHEN_ysev
2420,6 : 49 am,放风筝的人
2421,6 : 45 am,CHEN_ysev
2422,6 : 45 am,桦南
2423,6 : 45 am,草莓酱面包-
2424,6 : 44 am,爱你的yuke
2425,6 : 44 am,大美美美美
2426,6 : 43 am,ʚ蜻蜓ɞ
2427,6 : 41 am,晨小姐是外星人
2428,6 : 40 am,毛线
2429,6 : 40 am,Déjà vu
2430,6 : 37 am,一颗爱吃糖的柠檬
2431,6 : 36 am,墙上的点
2432, : 36 am ,
2433,6 : 36 am,既白
2434,6 : 32 am,浅喜深爱
2435,6 : 27 am,李阳刚
2436,6 : 26 am,瑾瑜
2437,6 : 26 am,🤐🤐🤐
2438,6 : 25 am,悠雪羽翼
2439,6 : 21 am,safre14
2440,6 : 21 am,safre14
2441,6 : 21 am,n。
2442,6 : 21 am,safre14
2443,6 : 20 am,Kiiizuna
2444,6 : 18 am,Köpi
2445,6 : 17 am,落桦
2446,6 : 16 am,金鱼zzz
2447,6 : 11 am,♑️JerryS🐒
2448,6 : 07 am,Neutron
2449,6 : 06 am,无漾无恙
2450,6 : 03 am,诸葛
2451,6 : 02 am,Ich＆du
2452,6 : 01 am,芒果可爱多
2453,6 : 00 am,楠子
2454,5 : 59 am,简单
2455,5 : 56 am,男孩
2456,5 : 54 am,小点小点点
2457,5 : 50 am,月半少女
2458,5 : 47 am,Time Pill
2459,5 : 45 am,somebody
2460,5 : 45 am,somebody
2461,5 : 44 am,月半少女
2462,5 : 42 am,🖖
2463,5 : 40 am,阿隐☂
2464,5 : 39 am,衬里
2465,5 : 31 am,对手断肠
2466,5 : 21 am,芒果可爱多
2467,5 : 14 am,男孩
2468, : 13 am ,
2469,5 : 11 am,金鱼zzz
2470, : 09 am ,
2471,5 : 03 am,绿绿
2472,4 : 58 am,丶zhu
2473,4 : 57 am,~小糖球~
2474,4 : 57 am,Ich＆du
2475,4 : 56 am,被恐龙吃了
2476,4 : 56 am,停。
2477,4 : 56 am,Köpi
2478,4 : 49 am,绿绿
2479,4 : 37 am,辑海
2480,4 : 49 am,绿绿
2481,4 : 37 am,辑海
2482,4 : 36 am,Mr_M
2483,4 : 36 am,吞下早晨
2484,4 : 35 am,绿绿
2485,4 : 34 am,长白阿〆
2486,4 : 31 am,瑜伽猫猫
2487,4 : 30 am,safre14
2488,4 : 30 am,无
2489,4 : 29 am,星昔。
2490,4 : 25 am,吞下早晨
2491, : 22 am ,
2492,4 : 20 am,月半少女
2493,4 : 19 am,无
2494, : 17 am ,
2495,4 : 14 am,毛茸茸根本抵抗不了
2496,4 : 12 am,Confidence
2497,4 : 10 am,dudududu
2498,4 : 08 am,mika
2499,4 : 02 am,玉子
2500,3 : 58 am,发明家
2501,3 : 54 am,神经病眼中的世界
2502,3 : 51 am,死神快带我走吧
2503,3 : 42 am,rambler
2504,3 : 37 am,(´･_･`)
2505,3 : 34 am,绿萝
2506,3 : 33 am,Déjà vu
2507,3 : 32 am,♡ 喵
2508,3 : 31 am,半分笑
2509,3 : 27 am,Hellery
2510,3 : 25 am,safre14
2511,3 : 24 am,死神快带我走吧
2512,3 : 22 am,我想养只猫
2513,3 : 20 am,Since...
2514,3 : 15 am,浪费
2515,3 : 13 am,Iris
2516,3 : 13 am,Since...
2517,3 : 09 am,恐恐。
2518,3 : 08 am,玉了个米
2519,3 : 06 am,｀ط´
2520,3 : 08 am,玉了个米
2521,3 : 06 am,｀ط´
2522,3 : 06 am,大草草小香菜
2523,3 : 05 am,乾澀
2524,3 : 03 am,章鱼的吸盘
2525,3 : 02 am,死神快带我走吧
2526,3 : 01 am,M晚邮
2527,2 : 57 am,Mister L
2528,2 : 57 am,陸深。
2529,2 : 57 am,小可怜
2530,2 : 56 am,渣渣
2531,2 : 56 am,陈澄生
2532,2 : 55 am,愤怒的小驴
2533,2 : 54 am,Brooklyn
2534,2 : 54 am,Froyeol
2535,2 : 54 am,瑜伽猫猫
2536,2 : 54 am,Aki Aki
2537,2 : 53 am,四月一日
2538,2 : 53 am,雨天小姐~
2539,2 : 51 am,Froyeol
2540,2 : 47 am,Froyeol
2541,2 : 46 am,星昔。
2542,2 : 46 am,杜姆
2543,2 : 46 am,｀ط´
2544,2 : 46 am,Froyeol
2545,2 : 45 am,｀ط´
2546,2 : 45 am,Froyeol
2547,2 : 45 am,｀ط´
2548,2 : 44 am,Leona0810
2549,2 : 44 am,Froyeol
2550, : 44 am ,
2551, : 43 am ,
2552,2 : 43 am,罅隙
2553,2 : 42 am,Froyeol
2554,2 : 41 am,｀ط´
2555, : 40 am ,
2556,2 : 39 am,WayneYeo
2557,2 : 36 am,夕犬
2558,2 : 35 am,我想我是學殘
2559,2 : 34 am,｀ط´
2560,2 : 34 am,｀ط´
2561, : 32 am ,
2562,2 : 31 am,Tie me up
2563,2 : 31 am,｀ط´
2564,2 : 31 am,快乐小浣熊
2565,2 : 31 am,｀ط´
2566,2 : 29 am,FAΝ
2567,2 : 24 am,肆意的懒季风
2568,2 : 21 am,喵毋君
2569,2 : 21 am,｀ط´
2570,2 : 20 am,larmes
2571,2 : 20 am,川上富江
2572,2 : 19 am,五
2573,2 : 12 am,律笺文
2574,2 : 11 am,兔子先生
2575,2 : 09 am,甜
2576,2 : 09 am,白鹤亭
2577,2 : 08 am,小可怜
2578,2 : 08 am,恐恐。
2579,2 : 07 am,এΜimosa.花✺
2580,2 : 07 am,এΜimosa.花✺
2581,2 : 05 am,ʚ蜻蜓ɞ
2582,2 : 04 am,Kyouko
2583,2 : 03 am,里向日记
2584,2 : 02 am,蜂蜜柚子猫
2585,2 : 02 am,Orange.He
2586,2 : 01 am,vava
2587,2 : 01 am,Jsayo🐟🐟🐟
2588,2 : 00 am,ʚ蜻蜓ɞ
2589,1 : 59 am,雾月十八
2590,1 : 59 am,/
2591,1 : 58 am,第三十八年夏至
2592,1 : 58 am,away
2593,1 : 55 am,我是否在你心间呀=)
2594,1 : 55 am,鹿死玫瑰海
2595,1 : 55 am,十雾九晴。
2596,1 : 54 am,我是否在你心间呀=)
2597,1 : 54 am,鹿死玫瑰海
2598,1 : 54 am,BSKGHOST
2599,1 : 54 am,鹿死玫瑰海
2600,1 : 54 am,鹿死玫瑰海
2601,1 : 53 am,Cathy
2602,1 : 51 am,.
2603,1 : 50 am,西西
2604,1 : 48 am,岛 -
2605,1 : 47 am,爱因斯唔
2606,1 : 46 am,砺心
2607,1 : 46 am,Jackpot
2608,1 : 44 am,红与黑
2609,1 : 43 am,岛 -
2610,1 : 43 am,阿图
2611,1 : 43 am,Tie me up
2612,1 : 42 am,Toxica .
2613,1 : 42 am,甜
2614,1 : 42 am,瘦了八斤的糯米饭
2615,1 : 41 am,花露水B1菌
2616,1 : 40 am,Tie me up
2617,1 : 40 am,沉映
2618,1 : 40 am,清歌欢酒
2619,1 : 39 am,平和甜腻全人类☆
2620,1 : 40 am,沉映
2621,1 : 40 am,清歌欢酒
2622,1 : 39 am,平和甜腻全人类☆
2623,1 : 39 am,Non_blue🙇
2624,1 : 38 am,以太
2625,1 : 37 am,Zero °
2626,1 : 37 am,二十世纪少女
2627,1 : 37 am,🍍
2628,1 : 36 am,北有南客
2629,1 : 35 am,Tie me up
2630,1 : 35 am,塩味犬
2631,1 : 35 am,许我向你看
2632,1 : 34 am,速冻米奇
2633,1 : 34 am,Toxica .
2634,1 : 33 am,void
2635,1 : 32 am,Eyre
2636,1 : 32 am,沉映
2637,1 : 32 am,塩味犬
2638,1 : 31 am,翮安
2639,1 : 31 am,🦄追求深度和力度的诺
2640,1 : 32 am,塩味犬
2641,1 : 31 am,翮安
2642,1 : 31 am,🦄追求深度和力度的诺
2643,1 : 31 am,小黄莺
2644,1 : 31 am,😈吴老狗🐶
2645,1 : 30 am,阿图
2646,1 : 30 am,不认浮沉
2647,1 : 29 am,阿图
2648,1 : 29 am,呼吸秋千
2649,1 : 28 am,翮安
2650,1 : 27 am,电有下桥
2651,1 : 27 am,许我向你看
2652,1 : 27 am,Chico
2653,1 : 24 am,妄想症
2654,1 : 23 am,被恐龙吃了
2655,1 : 23 am,Sydney
2656,1 : 22 am,屋顶上的猫
2657,1 : 22 am,废肥费要改变
2658,1 : 22 am,void
2659,1 : 21 am,π
2660,1 : 22 am,void
2661,1 : 21 am,π
2662,1 : 21 am,羁绊路人
2663,1 : 21 am,｀ط´
2664,1 : 20 am,Daisy
2665,1 : 18 am,爱而不得多正常
2666,1 : 18 am,羁绊路人
2667,1 : 17 am,妄想症
2668,1 : 15 am,速冻米奇
2669,1 : 15 am,Déjà vu
2670,1 : 14 am,沒關係小姐
2671,1 : 14 am,栗圆
2672,1 : 14 am,HL的大脑拒绝修仙
2673,1 : 12 am,被恐龙吃了
2674,1 : 12 am,妄想症
2675,1 : 11 am,兔子先生
2676,1 : 11 am,沙雕网友
2677,1 : 11 am,陈池边
2678,1 : 11 am,明天会在明天到来
2679,1 : 11 am,Zero °
2680,1 : 11 am,Zero °
2681,1 : 10 am,USIUSI
2682,1 : 10 am,😂永远游戏荒🤑
2683,1 : 09 am,桑之落矣
2684,1 : 09 am,被恐龙吃了
2685,1 : 08 am,网友
2686,1 : 08 am,特别鸣谢才华有限公司
2687,1 : 08 am,Whisper.
2688,1 : 08 am,鲜烤小咸鱼
2689,1 : 07 am,匿成老乌龟
2690,1 : 07 am,废肥费要改变
2691,1 : 07 am,蠢仔
2692,1 : 06 am,温柔。
2693,1 : 05 am,肚子好饿啊
2694,1 : 04 am,娇妹
2695,1 : 03 am,锦、
2696,1 : 03 am,Maye
2697,1 : 02 am,△
2698,1 : 02 am,多财
2699,1 : 01 am,野岛津久保.
2700,1 : 02 am,多财
2701,1 : 01 am,野岛津久保.
2702,1 : 01 am,善德
2703,1 : 00 am,竹子
2704,1 : 00 am,柔软_骤雨
2705,12 : 59 a,微凉
2706,12 : 59 a,鸭鸭
2707,12 : 59 a,扉藜
2708,12 : 59 a,卜卜脆
2709,12 : 59 a,锦、
2710,12 : 58 a,耶！
2711,12 : 57 a,罅隙
2712,12 : 56 a,彩子
2713,12 : 56 a,-
2714,12 : 54 a,Jmzan
2715,12 : 54 a,柔软_骤雨
2716,12 : 54 a,茵绿
2717,12 : 54 a,我的少女心
2718,12 : 54 a,一
2719,12 : 54 a,Daddy Tree
2720,12 : 52 a,活着就是折腾
2721,12 : 52 a,我在人民广场吃烧豆腐
2722,12 : 52 a,窥视
2723,12 : 51 a,我在人民广场吃烧豆腐
2724,12 : 51 a,王大波
2725,12 : 50 a,多财
2726,12 : 50 a,♡
2727,12 : 50 a,羊角面包
2728,12 : 49 a,阿狗
2729,12 : 49 a,T_T
2730,12 : 49 a,米娅
2731,12 : 49 a,蓝蓝路
2732,12 : 48 a,jiayyy
2733,12 : 48 a,网友
2734,12 : 48 a,-
2735,12 : 47 a,小迷糊。
2736,12 : 46 a,大佬今天有没有学习
2737,12 : 46 a,milkkk
2738,12 : 45 a,变态小只
2739,12 : 45 a,大佬今天有没有学习
2740,12 : 45 a,大佬今天有没有学习
2741,12 : 45 a,西西
2742,12 : 45 a,沙耶子
2743,12 : 44 a,Not FOUND
2744,12 : 44 a,HL的大脑拒绝修仙
2745,12 : 43 a,你有巧克力吗
2746,12 : 43 a,大象和小兔子
2747,12 : 43 a,ʚ蜻蜓ɞ
2748,12 : 42 a,-
2749,12 : 41 a,leahy
2750,12 : 41 a,藏。
2751,12 : 41 a,Clifford
2752,12 : 41 a,只是忘了怎么退后
2753,12 : 40 a,深海
2754,12 : 40 a,BSKGHOST
2755,12 : 39 a,汽水瓶子
2756,12 : 39 a,刺猬星人
2757,12 : 38 a,勉强去活
2758,12 : 35 a,不认浮沉
2759,12 : 34 a,howanchung
2760,12 : 34 a,球妹子
2761,12 : 34 a,陌璃。
2762,12 : 33 a,☂☜
2763,12 : 33 a,不得善终
2764,12 : 32 a,叨叨叨~
2765,12 : 31 a,Spike
2766,12 : 31 a,WayneYeo
2767,12 : 31 a,岛 -
2768,12 : 30 a,爱学习的萝卜
2769,12 : 30 a,Makayla
2770,12 : 29 a,一只咸鱼
2771,12 : 29 a,Daddy Tree
2772,12 : 29 a,鹤川
2773,12 : 29 a,Amarlanta
2774,12 : 29 a,芒果干
2775,12 : 28 a,雪糕
2776,12 : 28 a,Chico
2777,12 : 27 a,梦里奔跑
2778,12 : 27 a,变态萝莉
2779,12 : 26 a,想变得有钱
